ranks,seed,repeat,control_core,candidate_core,core_reduction_pct,compute_reduction_pct,control_critical,candidate_critical,queries,hits,summed_match_reduction_pct
128,-1,1,3.1226322869999876,3.10730305900006,0.49090724078354464,3.2418424559208847,7,7,1717074,0,-1.5132353469263116
128,-1,2,3.223071448000155,3.2115702099999908,0.35684092598383677,-4.370372783485799,7,7,1717074,0,-1.4907570143085414
128,-1,3,3.420005625000158,3.1846156340000107,6.882736954566749,0.8544766150578864,42,7,1717074,0,-1.6850908124872
128,17,1,3.1792051639999954,3.1869136750001417,-0.24246661044196038,-1.5329906879438138,3,58,1757166,2,-1.679408479935729
128,17,2,3.3222831470000074,3.235478366000052,2.612805024711373,-1.2450434455632875,3,3,1757166,2,-1.561163501390772
128,17,3,3.1876344620000054,3.2328230349999103,-1.4176209204223689,0.35479812983365555,3,3,1757166,2,-1.4833496570298088
128,41,1,3.113139293999893,3.116176170000017,-0.09755027685323103,1.4162149496717236,62,62,1418920,0,-1.533438936124143
128,41,2,3.208061174000022,3.259061263999911,-1.5897480513533457,-2.0854697323718474,62,62,1418920,0,-1.706671300001883
128,41,3,3.073113435000323,3.142810676999943,-2.2679684129399025,-0.9425553349530658,62,62,1418920,0,-1.4558040429014651
256,-1,1,2.6916985499999555,2.6764750750000985,0.5655713192644574,-3.377635652002575,155,155,2168019,10,-1.5793065530519401
256,-1,2,2.6066174060001686,2.6555444430000534,-1.8770317764033928,-0.8192324440450927,155,155,2168019,10,-1.5977202990585804
256,-1,3,2.6906404680000833,2.596054095999989,3.515385021708195,0.9940853924695348,155,155,2168019,10,-1.4641050534036415
256,17,1,2.356173791999936,2.299500767000154,2.405299014538198,2.2151912169601107,222,78,1855662,6,-1.6989944445205962
256,17,2,2.4539589859998614,2.2821407120000003,7.001676677569002,-3.29649112382866,222,222,1855662,6,-1.5879123315279964
256,17,3,2.4820562129998507,2.3914045379999607,3.6522813031026002,2.5658541973677784,222,222,1855662,6,-1.578284700041821
256,41,1,2.8983367609998822,2.7569461309999497,4.878336841408137,3.5707414096755374,170,170,2121961,13,-1.6351345256126137
256,41,2,2.99386582499983,2.8509114860000864,4.7749080070998655,1.5022691831576895,170,170,2121961,13,-1.74928130134544
256,41,3,2.9562673170000835,2.9241687530000036,1.0857801598487482,2.015151148179506,170,170,2121961,13,-1.4311430791086321
512,-1,1,1.9682505840000886,2.0965790469999774,-6.51992505644714,-2.060053075165169,454,454,2223041,20,-1.7656840555466236
512,-1,2,2.0544645089998994,2.0553520000000844,-0.04319816654398956,-1.7198107888410474,323,454,2223041,20,-1.7148783056530448
512,-1,3,2.1072569410000597,2.033619972999986,3.494446574945287,-1.666925363898808,323,323,2223041,20,-1.5756550044046413
512,17,1,2.1838121779999256,2.322758725000085,-6.362568557860859,-9.149345279479416,359,359,2369153,0,-1.6502118618197947
512,17,2,2.2226076019999255,2.2325513260000207,-0.4473899932290193,-0.8331146691489488,359,359,2369153,0,-1.5759265874600636
512,17,3,2.3499026299998604,2.2528361969998514,4.130657660484205,-0.4829498016871714,359,359,2369153,0,-1.541811880748778
512,41,1,2.125381243999982,2.064080727999908,2.8842127111607496,3.3638729960597358,141,427,2467123,1,-1.720059232506932
512,41,2,2.0464374199998474,2.122364553000125,-3.7102103518163343,-5.166174511532895,141,141,2467123,1,-1.7131268796505728
512,41,3,2.2386866950000694,2.078632453999944,7.149470328188123,0.2238276522608662,141,141,2467123,1,-1.5987204462774907
