algorithm,timing,ranks,partition_seed,repeat,rank,kernel_scheduler,phase,operation,phase_seconds,native_seconds,coverage_match,core_seconds,compute_seconds,source_revision,binary_sha256,kernel_sha256,core_sha256,input_sha256,runtime_sha256,total_seconds,prepare_seconds,evaluate_seconds,order_seconds,commit_seconds,cleanup_seconds,calls,input_points,input_elements,evaluated_items,candidates,commit_attempts,applied,team_evaluations,quality_seconds,conform_seconds,rest_seconds,worstcase_seconds,legal_seconds,serial_evaluate_seconds,team_evaluate_seconds,fixed_baseline_rank
sparse,natural,128,-1,1,19,cost_profile,generation,combine,1.152338191,0,True,3.637311744000044,2.68525230299997,7676e7a24b6ccecb0b1ea752f8a5f2ee15ff854a,7a1ae6ef191e553b1057cb81761b7f3a37c38e07d6d10d60b49888ea546c6201,f2738785a1ca0ec3d9cc33c89ef37d33ba4bf636c08a4494eae5a8407efd8430,f9ca07595afdd48c070bd91bb1ec4a4ccf7a81e34dcf2153a099f3c01f5cb49e,8193db1235a9d0dc24d19dd3b9a4dafccfe62d6667ab5a395f72b30a02339547,unrecorded,0,0,0,0,0,0,0,0,0,0,0,0,0,0,0,0,0,0,0,0,0,19
sparse,natural,128,-1,1,19,cost_profile,generation,split,1.152338191,0.1511640964055163,False,3.637311744000044,2.68525230299997,7676e7a24b6ccecb0b1ea752f8a5f2ee15ff854a,7a1ae6ef191e553b1057cb81761b7f3a37c38e07d6d10d60b49888ea546c6201,f2738785a1ca0ec3d9cc33c89ef37d33ba4bf636c08a4494eae5a8407efd8430,f9ca07595afdd48c070bd91bb1ec4a4ccf7a81e34dcf2153a099f3c01f5cb49e,8193db1235a9d0dc24d19dd3b9a4dafccfe62d6667ab5a395f72b30a02339547,unrecorded,0,0,0,0,0,0,0,0,0,0,0,0,0,0,0,0,0,0,0,0,0,19
sparse,natural,128,-1,1,19,cost_profile,generation,swap,1.152338191,0.36028847422767596,False,3.637311744000044,2.68525230299997,7676e7a24b6ccecb0b1ea752f8a5f2ee15ff854a,7a1ae6ef191e553b1057cb81761b7f3a37c38e07d6d10d60b49888ea546c6201,f2738785a1ca0ec3d9cc33c89ef37d33ba4bf636c08a4494eae5a8407efd8430,f9ca07595afdd48c070bd91bb1ec4a4ccf7a81e34dcf2153a099f3c01f5cb49e,8193db1235a9d0dc24d19dd3b9a4dafccfe62d6667ab5a395f72b30a02339547,unrecorded,0.19590293799999997,0.060752879,0.086087585,0.00011606100000000003,0.00324678,0.045699633,10,31590,191115,67175,1117,1117,507,10,0,0.19590293799999997,0,0,0,0,0.086087585,19
sparse,natural,128,-1,1,19,cost_profile,generation,swap2,1.152338191,0.09149914195857295,False,3.637311744000044,2.68525230299997,7676e7a24b6ccecb0b1ea752f8a5f2ee15ff854a,7a1ae6ef191e553b1057cb81761b7f3a37c38e07d6d10d60b49888ea546c6201,f2738785a1ca0ec3d9cc33c89ef37d33ba4bf636c08a4494eae5a8407efd8430,f9ca07595afdd48c070bd91bb1ec4a4ccf7a81e34dcf2153a099f3c01f5cb49e,8193db1235a9d0dc24d19dd3b9a4dafccfe62d6667ab5a395f72b30a02339547,unrecorded,0,0,0,0,0,0,0,0,0,0,0,0,0,0,0,0,0,0,0,0,0,19
sparse,natural,128,-1,1,19,cost_profile,repair,combine,0.393350396,0,True,3.637311744000044,2.68525230299997,7676e7a24b6ccecb0b1ea752f8a5f2ee15ff854a,7a1ae6ef191e553b1057cb81761b7f3a37c38e07d6d10d60b49888ea546c6201,f2738785a1ca0ec3d9cc33c89ef37d33ba4bf636c08a4494eae5a8407efd8430,f9ca07595afdd48c070bd91bb1ec4a4ccf7a81e34dcf2153a099f3c01f5cb49e,8193db1235a9d0dc24d19dd3b9a4dafccfe62d6667ab5a395f72b30a02339547,unrecorded,0,0,0,0,0,0,0,0,0,0,0,0,0,0,0,0,0,0,0,0,0,19
sparse,natural,128,-1,1,19,cost_profile,repair,split,0.393350396,0.13400985016184885,False,3.637311744000044,2.68525230299997,7676e7a24b6ccecb0b1ea752f8a5f2ee15ff854a,7a1ae6ef191e553b1057cb81761b7f3a37c38e07d6d10d60b49888ea546c6201,f2738785a1ca0ec3d9cc33c89ef37d33ba4bf636c08a4494eae5a8407efd8430,f9ca07595afdd48c070bd91bb1ec4a4ccf7a81e34dcf2153a099f3c01f5cb49e,8193db1235a9d0dc24d19dd3b9a4dafccfe62d6667ab5a395f72b30a02339547,unrecorded,0,0,0,0,0,0,0,0,0,0,0,0,0,0,0,0,0,0,0,0,0,19
sparse,natural,128,-1,1,19,cost_profile,repair,swap,0.393350396,0.13450362041556296,False,3.637311744000044,2.68525230299997,7676e7a24b6ccecb0b1ea752f8a5f2ee15ff854a,7a1ae6ef191e553b1057cb81761b7f3a37c38e07d6d10d60b49888ea546c6201,f2738785a1ca0ec3d9cc33c89ef37d33ba4bf636c08a4494eae5a8407efd8430,f9ca07595afdd48c070bd91bb1ec4a4ccf7a81e34dcf2153a099f3c01f5cb49e,8193db1235a9d0dc24d19dd3b9a4dafccfe62d6667ab5a395f72b30a02339547,unrecorded,0,0,0,0,0,0,0,0,0,0,0,0,0,0,0,0,0,0,0,0,0,19
sparse,natural,128,-1,1,19,cost_profile,repair,swap2,0.393350396,0.07559483345025486,False,3.637311744000044,2.68525230299997,7676e7a24b6ccecb0b1ea752f8a5f2ee15ff854a,7a1ae6ef191e553b1057cb81761b7f3a37c38e07d6d10d60b49888ea546c6201,f2738785a1ca0ec3d9cc33c89ef37d33ba4bf636c08a4494eae5a8407efd8430,f9ca07595afdd48c070bd91bb1ec4a4ccf7a81e34dcf2153a099f3c01f5cb49e,8193db1235a9d0dc24d19dd3b9a4dafccfe62d6667ab5a395f72b30a02339547,unrecorded,0,0,0,0,0,0,0,0,0,0,0,0,0,0,0,0,0,0,0,0,0,19
sparse,natural,128,-1,1,19,cost_profile,optimization,combine,0.713719506,0.09572808231456165,True,3.637311744000044,2.68525230299997,7676e7a24b6ccecb0b1ea752f8a5f2ee15ff854a,7a1ae6ef191e553b1057cb81761b7f3a37c38e07d6d10d60b49888ea546c6201,f2738785a1ca0ec3d9cc33c89ef37d33ba4bf636c08a4494eae5a8407efd8430,f9ca07595afdd48c070bd91bb1ec4a4ccf7a81e34dcf2153a099f3c01f5cb49e,8193db1235a9d0dc24d19dd3b9a4dafccfe62d6667ab5a395f72b30a02339547,unrecorded,0.095845584,0.016428159999999997,0.06222873499999999,0.00019014299999999999,0.006052274,0.010946272,3,7662,30630,43137,1503,1503,338,3,0,0,0.095845584,0,0,0,0.06222873499999999,19
sparse,natural,128,-1,1,19,cost_profile,optimization,split,0.713719506,0.1137043999953204,True,3.637311744000044,2.68525230299997,7676e7a24b6ccecb0b1ea752f8a5f2ee15ff854a,7a1ae6ef191e553b1057cb81761b7f3a37c38e07d6d10d60b49888ea546c6201,f2738785a1ca0ec3d9cc33c89ef37d33ba4bf636c08a4494eae5a8407efd8430,f9ca07595afdd48c070bd91bb1ec4a4ccf7a81e34dcf2153a099f3c01f5cb49e,8193db1235a9d0dc24d19dd3b9a4dafccfe62d6667ab5a395f72b30a02339547,unrecorded,0.11384472199999998,0.037340571999999995,0.049022477,7.288100000000001e-05,0.004712196,0.022696596000000003,6,15281,61773,86744,194,194,38,6,0.11384472199999998,0,0,0,0,0,0.049022477,19
sparse,natural,128,-1,1,19,cost_profile,optimization,swap,0.713719506,0.12223066180445619,True,3.637311744000044,2.68525230299997,7676e7a24b6ccecb0b1ea752f8a5f2ee15ff854a,7a1ae6ef191e553b1057cb81761b7f3a37c38e07d6d10d60b49888ea546c6201,f2738785a1ca0ec3d9cc33c89ef37d33ba4bf636c08a4494eae5a8407efd8430,f9ca07595afdd48c070bd91bb1ec4a4ccf7a81e34dcf2153a099f3c01f5cb49e,8193db1235a9d0dc24d19dd3b9a4dafccfe62d6667ab5a395f72b30a02339547,unrecorded,0.122381446,0.036179841,0.06428982,0.000188982,0.004866699,0.016856104,6,15321,61933,86944,1733,1733,837,6,0.122381446,0,0,0,0,0,0.06428982,19
sparse,natural,128,-1,1,19,cost_profile,optimization,swap2,0.713719506,0.1589524896184964,True,3.637311744000044,2.68525230299997,7676e7a24b6ccecb0b1ea752f8a5f2ee15ff854a,7a1ae6ef191e553b1057cb81761b7f3a37c38e07d6d10d60b49888ea546c6201,f2738785a1ca0ec3d9cc33c89ef37d33ba4bf636c08a4494eae5a8407efd8430,f9ca07595afdd48c070bd91bb1ec4a4ccf7a81e34dcf2153a099f3c01f5cb49e,8193db1235a9d0dc24d19dd3b9a4dafccfe62d6667ab5a395f72b30a02339547,unrecorded,0.15914911299999998,0.027502216000000003,0.112533046,0.00010268199999999999,0.00021040099999999998,0.018800768,6,15321,61536,246144,100,67,32,6,0.15914911299999998,0,0,0,0,0,0.112533046,19
sparse,natural,128,17,1,3,cost_profile,generation,combine,1.418291833,0,True,3.9706261819999327,2.9601835080002274,7676e7a24b6ccecb0b1ea752f8a5f2ee15ff854a,7a1ae6ef191e553b1057cb81761b7f3a37c38e07d6d10d60b49888ea546c6201,f2738785a1ca0ec3d9cc33c89ef37d33ba4bf636c08a4494eae5a8407efd8430,f9ca07595afdd48c070bd91bb1ec4a4ccf7a81e34dcf2153a099f3c01f5cb49e,8193db1235a9d0dc24d19dd3b9a4dafccfe62d6667ab5a395f72b30a02339547,unrecorded,0,0,0,0,0,0,0,0,0,0,0,0,0,0,0,0,0,0,0,0,0,3
sparse,natural,128,17,1,3,cost_profile,generation,split,1.418291833,0.21179967680678194,False,3.9706261819999327,2.9601835080002274,7676e7a24b6ccecb0b1ea752f8a5f2ee15ff854a,7a1ae6ef191e553b1057cb81761b7f3a37c38e07d6d10d60b49888ea546c6201,f2738785a1ca0ec3d9cc33c89ef37d33ba4bf636c08a4494eae5a8407efd8430,f9ca07595afdd48c070bd91bb1ec4a4ccf7a81e34dcf2153a099f3c01f5cb49e,8193db1235a9d0dc24d19dd3b9a4dafccfe62d6667ab5a395f72b30a02339547,unrecorded,0,0,0,0,0,0,0,0,0,0,0,0,0,0,0,0,0,0,0,0,0,3
sparse,natural,128,17,1,3,cost_profile,generation,swap,1.418291833,0.48700651897789926,False,3.9706261819999327,2.9601835080002274,7676e7a24b6ccecb0b1ea752f8a5f2ee15ff854a,7a1ae6ef191e553b1057cb81761b7f3a37c38e07d6d10d60b49888ea546c6201,f2738785a1ca0ec3d9cc33c89ef37d33ba4bf636c08a4494eae5a8407efd8430,f9ca07595afdd48c070bd91bb1ec4a4ccf7a81e34dcf2153a099f3c01f5cb49e,8193db1235a9d0dc24d19dd3b9a4dafccfe62d6667ab5a395f72b30a02339547,unrecorded,0.261861893,0.073180003,0.133284095,0.00015002100000000005,0.004712415000000001,0.05053535900000001,10,30410,178850,80925,1439,1439,660,10,0,0.261861893,0,0,0,0,0.133284095,3
sparse,natural,128,17,1,3,cost_profile,generation,swap2,1.418291833,0.13262679668280264,False,3.9706261819999327,2.9601835080002274,7676e7a24b6ccecb0b1ea752f8a5f2ee15ff854a,7a1ae6ef191e553b1057cb81761b7f3a37c38e07d6d10d60b49888ea546c6201,f2738785a1ca0ec3d9cc33c89ef37d33ba4bf636c08a4494eae5a8407efd8430,f9ca07595afdd48c070bd91bb1ec4a4ccf7a81e34dcf2153a099f3c01f5cb49e,8193db1235a9d0dc24d19dd3b9a4dafccfe62d6667ab5a395f72b30a02339547,unrecorded,0,0,0,0,0,0,0,0,0,0,0,0,0,0,0,0,0,0,0,0,0,3
sparse,natural,128,17,1,3,cost_profile,repair,combine,0.403593807,0,True,3.9706261819999327,2.9601835080002274,7676e7a24b6ccecb0b1ea752f8a5f2ee15ff854a,7a1ae6ef191e553b1057cb81761b7f3a37c38e07d6d10d60b49888ea546c6201,f2738785a1ca0ec3d9cc33c89ef37d33ba4bf636c08a4494eae5a8407efd8430,f9ca07595afdd48c070bd91bb1ec4a4ccf7a81e34dcf2153a099f3c01f5cb49e,8193db1235a9d0dc24d19dd3b9a4dafccfe62d6667ab5a395f72b30a02339547,unrecorded,0,0,0,0,0,0,0,0,0,0,0,0,0,0,0,0,0,0,0,0,0,3
sparse,natural,128,17,1,3,cost_profile,repair,split,0.403593807,0.13237925161854525,False,3.9706261819999327,2.9601835080002274,7676e7a24b6ccecb0b1ea752f8a5f2ee15ff854a,7a1ae6ef191e553b1057cb81761b7f3a37c38e07d6d10d60b49888ea546c6201,f2738785a1ca0ec3d9cc33c89ef37d33ba4bf636c08a4494eae5a8407efd8430,f9ca07595afdd48c070bd91bb1ec4a4ccf7a81e34dcf2153a099f3c01f5cb49e,8193db1235a9d0dc24d19dd3b9a4dafccfe62d6667ab5a395f72b30a02339547,unrecorded,0,0,0,0,0,0,0,0,0,0,0,0,0,0,0,0,0,0,0,0,0,3
sparse,natural,128,17,1,3,cost_profile,repair,swap,0.403593807,0.14015875718654525,False,3.9706261819999327,2.9601835080002274,7676e7a24b6ccecb0b1ea752f8a5f2ee15ff854a,7a1ae6ef191e553b1057cb81761b7f3a37c38e07d6d10d60b49888ea546c6201,f2738785a1ca0ec3d9cc33c89ef37d33ba4bf636c08a4494eae5a8407efd8430,f9ca07595afdd48c070bd91bb1ec4a4ccf7a81e34dcf2153a099f3c01f5cb49e,8193db1235a9d0dc24d19dd3b9a4dafccfe62d6667ab5a395f72b30a02339547,unrecorded,0,0,0,0,0,0,0,0,0,0,0,0,0,0,0,0,0,0,0,0,0,3
sparse,natural,128,17,1,3,cost_profile,repair,swap2,0.403593807,0.08355719379533211,False,3.9706261819999327,2.9601835080002274,7676e7a24b6ccecb0b1ea752f8a5f2ee15ff854a,7a1ae6ef191e553b1057cb81761b7f3a37c38e07d6d10d60b49888ea546c6201,f2738785a1ca0ec3d9cc33c89ef37d33ba4bf636c08a4494eae5a8407efd8430,f9ca07595afdd48c070bd91bb1ec4a4ccf7a81e34dcf2153a099f3c01f5cb49e,8193db1235a9d0dc24d19dd3b9a4dafccfe62d6667ab5a395f72b30a02339547,unrecorded,0,0,0,0,0,0,0,0,0,0,0,0,0,0,0,0,0,0,0,0,0,3
sparse,natural,128,17,1,3,cost_profile,optimization,combine,0.659300587,0.13106629416679805,True,3.9706261819999327,2.9601835080002274,7676e7a24b6ccecb0b1ea752f8a5f2ee15ff854a,7a1ae6ef191e553b1057cb81761b7f3a37c38e07d6d10d60b49888ea546c6201,f2738785a1ca0ec3d9cc33c89ef37d33ba4bf636c08a4494eae5a8407efd8430,f9ca07595afdd48c070bd91bb1ec4a4ccf7a81e34dcf2153a099f3c01f5cb49e,8193db1235a9d0dc24d19dd3b9a4dafccfe62d6667ab5a395f72b30a02339547,unrecorded,0.13126141100000002,0.021705037000000003,0.08649538200000001,0.00016196100000000002,0.005588607000000001,0.017310424,3,8004,31169,44402,1264,1264,325,3,0,0,0.13126141100000002,0,0,0,0.08649538200000001,3
sparse,natural,128,17,1,3,cost_profile,optimization,split,0.659300587,0.07103341068037028,True,3.9706261819999327,2.9601835080002274,7676e7a24b6ccecb0b1ea752f8a5f2ee15ff854a,7a1ae6ef191e553b1057cb81761b7f3a37c38e07d6d10d60b49888ea546c6201,f2738785a1ca0ec3d9cc33c89ef37d33ba4bf636c08a4494eae5a8407efd8430,f9ca07595afdd48c070bd91bb1ec4a4ccf7a81e34dcf2153a099f3c01f5cb49e,8193db1235a9d0dc24d19dd3b9a4dafccfe62d6667ab5a395f72b30a02339547,unrecorded,0.071143239,0.031509971000000005,0.019059625,5.6361000000000005e-05,0.002623551,0.017893731,4,10440,40345,57757,86,86,25,4,0.071143239,0,0,0,0,0,0.019059625,3
sparse,natural,128,17,1,3,cost_profile,optimization,swap,0.659300587,0.11050880995516588,True,3.9706261819999327,2.9601835080002274,7676e7a24b6ccecb0b1ea752f8a5f2ee15ff854a,7a1ae6ef191e553b1057cb81761b7f3a37c38e07d6d10d60b49888ea546c6201,f2738785a1ca0ec3d9cc33c89ef37d33ba4bf636c08a4494eae5a8407efd8430,f9ca07595afdd48c070bd91bb1ec4a4ccf7a81e34dcf2153a099f3c01f5cb49e,8193db1235a9d0dc24d19dd3b9a4dafccfe62d6667ab5a395f72b30a02339547,unrecorded,0.110674367,0.026370531000000003,0.065297712,0.000165523,0.005310700999999999,0.0135299,4,10465,40443,57880,1509,1509,800,4,0.110674367,0,0,0,0,0,0.065297712,3
sparse,natural,128,17,1,3,cost_profile,optimization,swap2,0.659300587,0.1270470370690282,True,3.9706261819999327,2.9601835080002274,7676e7a24b6ccecb0b1ea752f8a5f2ee15ff854a,7a1ae6ef191e553b1057cb81761b7f3a37c38e07d6d10d60b49888ea546c6201,f2738785a1ca0ec3d9cc33c89ef37d33ba4bf636c08a4494eae5a8407efd8430,f9ca07595afdd48c070bd91bb1ec4a4ccf7a81e34dcf2153a099f3c01f5cb49e,8193db1235a9d0dc24d19dd3b9a4dafccfe62d6667ab5a395f72b30a02339547,unrecorded,0.127238863,0.024179606,0.088320584,3.3761000000000004e-05,0.000154441,0.014550471,4,10465,40093,160372,56,31,27,4,0.127238863,0,0,0,0,0,0.088320584,3
sparse,natural,128,41,1,62,cost_profile,generation,combine,1.287298674,0,True,3.8367981929998223,2.692892560000246,7676e7a24b6ccecb0b1ea752f8a5f2ee15ff854a,7a1ae6ef191e553b1057cb81761b7f3a37c38e07d6d10d60b49888ea546c6201,f2738785a1ca0ec3d9cc33c89ef37d33ba4bf636c08a4494eae5a8407efd8430,f9ca07595afdd48c070bd91bb1ec4a4ccf7a81e34dcf2153a099f3c01f5cb49e,8193db1235a9d0dc24d19dd3b9a4dafccfe62d6667ab5a395f72b30a02339547,unrecorded,0,0,0,0,0,0,0,0,0,0,0,0,0,0,0,0,0,0,0,0,0,62
sparse,natural,128,41,1,62,cost_profile,generation,split,1.287298674,0.12550117517279852,False,3.8367981929998223,2.692892560000246,7676e7a24b6ccecb0b1ea752f8a5f2ee15ff854a,7a1ae6ef191e553b1057cb81761b7f3a37c38e07d6d10d60b49888ea546c6201,f2738785a1ca0ec3d9cc33c89ef37d33ba4bf636c08a4494eae5a8407efd8430,f9ca07595afdd48c070bd91bb1ec4a4ccf7a81e34dcf2153a099f3c01f5cb49e,8193db1235a9d0dc24d19dd3b9a4dafccfe62d6667ab5a395f72b30a02339547,unrecorded,0,0,0,0,0,0,0,0,0,0,0,0,0,0,0,0,0,0,0,0,0,62
sparse,natural,128,41,1,62,cost_profile,generation,swap,1.287298674,0.35843262184627667,False,3.8367981929998223,2.692892560000246,7676e7a24b6ccecb0b1ea752f8a5f2ee15ff854a,7a1ae6ef191e553b1057cb81761b7f3a37c38e07d6d10d60b49888ea546c6201,f2738785a1ca0ec3d9cc33c89ef37d33ba4bf636c08a4494eae5a8407efd8430,f9ca07595afdd48c070bd91bb1ec4a4ccf7a81e34dcf2153a099f3c01f5cb49e,8193db1235a9d0dc24d19dd3b9a4dafccfe62d6667ab5a395f72b30a02339547,unrecorded,0.214103401,0.066688695,0.09920574699999997,0.00014638299999999998,0.004126744000000001,0.04393583200000001,10,25690,150577,71392,1391,1391,618,10,0,0.214103401,0,0,0,0,0.09920574699999997,62
sparse,natural,128,41,1,62,cost_profile,generation,swap2,1.287298674,0.08161992296799969,False,3.8367981929998223,2.692892560000246,7676e7a24b6ccecb0b1ea752f8a5f2ee15ff854a,7a1ae6ef191e553b1057cb81761b7f3a37c38e07d6d10d60b49888ea546c6201,f2738785a1ca0ec3d9cc33c89ef37d33ba4bf636c08a4494eae5a8407efd8430,f9ca07595afdd48c070bd91bb1ec4a4ccf7a81e34dcf2153a099f3c01f5cb49e,8193db1235a9d0dc24d19dd3b9a4dafccfe62d6667ab5a395f72b30a02339547,unrecorded,0,0,0,0,0,0,0,0,0,0,0,0,0,0,0,0,0,0,0,0,0,62
sparse,natural,128,41,1,62,cost_profile,repair,combine,0.393799772,0,True,3.8367981929998223,2.692892560000246,7676e7a24b6ccecb0b1ea752f8a5f2ee15ff854a,7a1ae6ef191e553b1057cb81761b7f3a37c38e07d6d10d60b49888ea546c6201,f2738785a1ca0ec3d9cc33c89ef37d33ba4bf636c08a4494eae5a8407efd8430,f9ca07595afdd48c070bd91bb1ec4a4ccf7a81e34dcf2153a099f3c01f5cb49e,8193db1235a9d0dc24d19dd3b9a4dafccfe62d6667ab5a395f72b30a02339547,unrecorded,0,0,0,0,0,0,0,0,0,0,0,0,0,0,0,0,0,0,0,0,0,62
sparse,natural,128,41,1,62,cost_profile,repair,split,0.393799772,0.11883259187117662,False,3.8367981929998223,2.692892560000246,7676e7a24b6ccecb0b1ea752f8a5f2ee15ff854a,7a1ae6ef191e553b1057cb81761b7f3a37c38e07d6d10d60b49888ea546c6201,f2738785a1ca0ec3d9cc33c89ef37d33ba4bf636c08a4494eae5a8407efd8430,f9ca07595afdd48c070bd91bb1ec4a4ccf7a81e34dcf2153a099f3c01f5cb49e,8193db1235a9d0dc24d19dd3b9a4dafccfe62d6667ab5a395f72b30a02339547,unrecorded,0,0,0,0,0,0,0,0,0,0,0,0,0,0,0,0,0,0,0,0,0,62
sparse,natural,128,41,1,62,cost_profile,repair,swap,0.393799772,0.14420243806762278,False,3.8367981929998223,2.692892560000246,7676e7a24b6ccecb0b1ea752f8a5f2ee15ff854a,7a1ae6ef191e553b1057cb81761b7f3a37c38e07d6d10d60b49888ea546c6201,f2738785a1ca0ec3d9cc33c89ef37d33ba4bf636c08a4494eae5a8407efd8430,f9ca07595afdd48c070bd91bb1ec4a4ccf7a81e34dcf2153a099f3c01f5cb49e,8193db1235a9d0dc24d19dd3b9a4dafccfe62d6667ab5a395f72b30a02339547,unrecorded,0,0,0,0,0,0,0,0,0,0,0,0,0,0,0,0,0,0,0,0,0,62
sparse,natural,128,41,1,62,cost_profile,repair,swap2,0.393799772,0.07783798737353509,False,3.8367981929998223,2.692892560000246,7676e7a24b6ccecb0b1ea752f8a5f2ee15ff854a,7a1ae6ef191e553b1057cb81761b7f3a37c38e07d6d10d60b49888ea546c6201,f2738785a1ca0ec3d9cc33c89ef37d33ba4bf636c08a4494eae5a8407efd8430,f9ca07595afdd48c070bd91bb1ec4a4ccf7a81e34dcf2153a099f3c01f5cb49e,8193db1235a9d0dc24d19dd3b9a4dafccfe62d6667ab5a395f72b30a02339547,unrecorded,0,0,0,0,0,0,0,0,0,0,0,0,0,0,0,0,0,0,0,0,0,62
sparse,natural,128,41,1,62,cost_profile,optimization,combine,0.608161075,0.08809439438348543,True,3.8367981929998223,2.692892560000246,7676e7a24b6ccecb0b1ea752f8a5f2ee15ff854a,7a1ae6ef191e553b1057cb81761b7f3a37c38e07d6d10d60b49888ea546c6201,f2738785a1ca0ec3d9cc33c89ef37d33ba4bf636c08a4494eae5a8407efd8430,f9ca07595afdd48c070bd91bb1ec4a4ccf7a81e34dcf2153a099f3c01f5cb49e,8193db1235a9d0dc24d19dd3b9a4dafccfe62d6667ab5a395f72b30a02339547,unrecorded,0.088202528,0.014195414,0.058066203,0.00015676200000000001,0.0049347919999999995,0.010849357,3,7237,27537,39715,1255,1255,317,3,0,0,0.088202528,0,0,0,0.058066203,62
sparse,natural,128,41,1,62,cost_profile,optimization,split,0.608161075,0.11194408701408753,True,3.8367981929998223,2.692892560000246,7676e7a24b6ccecb0b1ea752f8a5f2ee15ff854a,7a1ae6ef191e553b1057cb81761b7f3a37c38e07d6d10d60b49888ea546c6201,f2738785a1ca0ec3d9cc33c89ef37d33ba4bf636c08a4494eae5a8407efd8430,f9ca07595afdd48c070bd91bb1ec4a4ccf7a81e34dcf2153a099f3c01f5cb49e,8193db1235a9d0dc24d19dd3b9a4dafccfe62d6667ab5a395f72b30a02339547,unrecorded,0.112084326,0.035088458,0.04748571,7.4461e-05,0.010526972,0.018908725,5,11851,45170,65256,337,337,91,5,0.112084326,0,0,0,0,0,0.04748571,62
sparse,natural,128,41,1,62,cost_profile,optimization,swap,0.608161075,0.0992359611829483,True,3.8367981929998223,2.692892560000246,7676e7a24b6ccecb0b1ea752f8a5f2ee15ff854a,7a1ae6ef191e553b1057cb81761b7f3a37c38e07d6d10d60b49888ea546c6201,f2738785a1ca0ec3d9cc33c89ef37d33ba4bf636c08a4494eae5a8407efd8430,f9ca07595afdd48c070bd91bb1ec4a4ccf7a81e34dcf2153a099f3c01f5cb49e,8193db1235a9d0dc24d19dd3b9a4dafccfe62d6667ab5a395f72b30a02339547,unrecorded,0.099360628,0.023657253,0.05676619199999999,0.000187361,0.005254917,0.013494905,5,11946,45566,65747,1774,1774,870,5,0.099360628,0,0,0,0,0,0.05676619199999999,62
sparse,natural,128,41,1,62,cost_profile,optimization,swap2,0.608161075,0.11458204697085805,True,3.8367981929998223,2.692892560000246,7676e7a24b6ccecb0b1ea752f8a5f2ee15ff854a,7a1ae6ef191e553b1057cb81761b7f3a37c38e07d6d10d60b49888ea546c6201,f2738785a1ca0ec3d9cc33c89ef37d33ba4bf636c08a4494eae5a8407efd8430,f9ca07595afdd48c070bd91bb1ec4a4ccf7a81e34dcf2153a099f3c01f5cb49e,8193db1235a9d0dc24d19dd3b9a4dafccfe62d6667ab5a395f72b30a02339547,unrecorded,0.114725314,0.019918514,0.07935909299999999,0.000173941,0.00031894400000000004,0.014954822,5,11946,45198,180792,158,99,56,5,0.114725314,0,0,0,0,0,0.07935909299999999,62
sparse,natural,256,-1,1,155,cost_profile,generation,combine,1.195091243,0.01621282514109107,True,2.806005493000157,1.7174116999997295,7676e7a24b6ccecb0b1ea752f8a5f2ee15ff854a,7a1ae6ef191e553b1057cb81761b7f3a37c38e07d6d10d60b49888ea546c6201,f2738785a1ca0ec3d9cc33c89ef37d33ba4bf636c08a4494eae5a8407efd8430,f9ca07595afdd48c070bd91bb1ec4a4ccf7a81e34dcf2153a099f3c01f5cb49e,8193db1235a9d0dc24d19dd3b9a4dafccfe62d6667ab5a395f72b30a02339547,unrecorded,0.016236715000000002,0.008097687,0.002057023,3.378e-05,0.000100101,0.005948123999999999,4,5198,20617,1186,24,24,15,4,0,0,0.016236715000000002,0,0,0,0.002057023,155
sparse,natural,256,-1,1,155,cost_profile,generation,split,1.195091243,0.031089803367372132,False,2.806005493000157,1.7174116999997295,7676e7a24b6ccecb0b1ea752f8a5f2ee15ff854a,7a1ae6ef191e553b1057cb81761b7f3a37c38e07d6d10d60b49888ea546c6201,f2738785a1ca0ec3d9cc33c89ef37d33ba4bf636c08a4494eae5a8407efd8430,f9ca07595afdd48c070bd91bb1ec4a4ccf7a81e34dcf2153a099f3c01f5cb49e,8193db1235a9d0dc24d19dd3b9a4dafccfe62d6667ab5a395f72b30a02339547,unrecorded,0,0,0,0,0,0,0,0,0,0,0,0,0,0,0,0,0,0,0,0,0,155
sparse,natural,256,-1,1,155,cost_profile,generation,swap,1.195091243,0.13992952485044152,False,2.806005493000157,1.7174116999997295,7676e7a24b6ccecb0b1ea752f8a5f2ee15ff854a,7a1ae6ef191e553b1057cb81761b7f3a37c38e07d6d10d60b49888ea546c6201,f2738785a1ca0ec3d9cc33c89ef37d33ba4bf636c08a4494eae5a8407efd8430,f9ca07595afdd48c070bd91bb1ec4a4ccf7a81e34dcf2153a099f3c01f5cb49e,8193db1235a9d0dc24d19dd3b9a4dafccfe62d6667ab5a395f72b30a02339547,unrecorded,0.122167081,0.032806675,0.06458021900000001,5.502e-05,0.0012945720000000001,0.023430595000000002,13,17002,91964,31272,562,562,248,13,0,0.11566545,0.006501630999999999,0,0,0,0.06458021900000001,155
sparse,natural,256,-1,1,155,cost_profile,generation,swap2,1.195091243,0.046303999439222365,False,2.806005493000157,1.7174116999997295,7676e7a24b6ccecb0b1ea752f8a5f2ee15ff854a,7a1ae6ef191e553b1057cb81761b7f3a37c38e07d6d10d60b49888ea546c6201,f2738785a1ca0ec3d9cc33c89ef37d33ba4bf636c08a4494eae5a8407efd8430,f9ca07595afdd48c070bd91bb1ec4a4ccf7a81e34dcf2153a099f3c01f5cb49e,8193db1235a9d0dc24d19dd3b9a4dafccfe62d6667ab5a395f72b30a02339547,unrecorded,0.012062211,0.006165226999999999,0.002363385,1.312e-05,4.5421e-05,0.003475058,3,3892,15425,2148,79,68,11,3,0,0,0.012062211,0,0,0,0.002363385,155
sparse,natural,256,-1,1,155,cost_profile,repair,combine,0.096816245,0,True,2.806005493000157,1.7174116999997295,7676e7a24b6ccecb0b1ea752f8a5f2ee15ff854a,7a1ae6ef191e553b1057cb81761b7f3a37c38e07d6d10d60b49888ea546c6201,f2738785a1ca0ec3d9cc33c89ef37d33ba4bf636c08a4494eae5a8407efd8430,f9ca07595afdd48c070bd91bb1ec4a4ccf7a81e34dcf2153a099f3c01f5cb49e,8193db1235a9d0dc24d19dd3b9a4dafccfe62d6667ab5a395f72b30a02339547,unrecorded,0,0,0,0,0,0,0,0,0,0,0,0,0,0,0,0,0,0,0,0,0,155
sparse,natural,256,-1,1,155,cost_profile,repair,split,0.096816245,0.0273560760824067,False,2.806005493000157,1.7174116999997295,7676e7a24b6ccecb0b1ea752f8a5f2ee15ff854a,7a1ae6ef191e553b1057cb81761b7f3a37c38e07d6d10d60b49888ea546c6201,f2738785a1ca0ec3d9cc33c89ef37d33ba4bf636c08a4494eae5a8407efd8430,f9ca07595afdd48c070bd91bb1ec4a4ccf7a81e34dcf2153a099f3c01f5cb49e,8193db1235a9d0dc24d19dd3b9a4dafccfe62d6667ab5a395f72b30a02339547,unrecorded,0,0,0,0,0,0,0,0,0,0,0,0,0,0,0,0,0,0,0,0,0,155
sparse,natural,256,-1,1,155,cost_profile,repair,swap,0.096816245,0.015712342000110624,False,2.806005493000157,1.7174116999997295,7676e7a24b6ccecb0b1ea752f8a5f2ee15ff854a,7a1ae6ef191e553b1057cb81761b7f3a37c38e07d6d10d60b49888ea546c6201,f2738785a1ca0ec3d9cc33c89ef37d33ba4bf636c08a4494eae5a8407efd8430,f9ca07595afdd48c070bd91bb1ec4a4ccf7a81e34dcf2153a099f3c01f5cb49e,8193db1235a9d0dc24d19dd3b9a4dafccfe62d6667ab5a395f72b30a02339547,unrecorded,0,0,0,0,0,0,0,0,0,0,0,0,0,0,0,0,0,0,0,0,0,155
sparse,natural,256,-1,1,155,cost_profile,repair,swap2,0.096816245,0.03254552732093924,False,2.806005493000157,1.7174116999997295,7676e7a24b6ccecb0b1ea752f8a5f2ee15ff854a,7a1ae6ef191e553b1057cb81761b7f3a37c38e07d6d10d60b49888ea546c6201,f2738785a1ca0ec3d9cc33c89ef37d33ba4bf636c08a4494eae5a8407efd8430,f9ca07595afdd48c070bd91bb1ec4a4ccf7a81e34dcf2153a099f3c01f5cb49e,8193db1235a9d0dc24d19dd3b9a4dafccfe62d6667ab5a395f72b30a02339547,unrecorded,0,0,0,0,0,0,0,0,0,0,0,0,0,0,0,0,0,0,0,0,0,155
sparse,natural,256,-1,1,155,cost_profile,optimization,combine,0.189719048,0.012407802880067542,True,2.806005493000157,1.7174116999997295,7676e7a24b6ccecb0b1ea752f8a5f2ee15ff854a,7a1ae6ef191e553b1057cb81761b7f3a37c38e07d6d10d60b49888ea546c6201,f2738785a1ca0ec3d9cc33c89ef37d33ba4bf636c08a4494eae5a8407efd8430,f9ca07595afdd48c070bd91bb1ec4a4ccf7a81e34dcf2153a099f3c01f5cb49e,8193db1235a9d0dc24d19dd3b9a4dafccfe62d6667ab5a395f72b30a02339547,unrecorded,0.012426934,0.005034933,0.002561249,2.65e-05,0.000179242,0.004625010000000001,3,3887,15460,1459,95,95,34,3,0,0,0.012426934,0,0,0,0.002561249,155
sparse,natural,256,-1,1,155,cost_profile,optimization,split,0.189719048,0.03900398518571621,True,2.806005493000157,1.7174116999997295,7676e7a24b6ccecb0b1ea752f8a5f2ee15ff854a,7a1ae6ef191e553b1057cb81761b7f3a37c38e07d6d10d60b49888ea546c6201,f2738785a1ca0ec3d9cc33c89ef37d33ba4bf636c08a4494eae5a8407efd8430,f9ca07595afdd48c070bd91bb1ec4a4ccf7a81e34dcf2153a099f3c01f5cb49e,8193db1235a9d0dc24d19dd3b9a4dafccfe62d6667ab5a395f72b30a02339547,unrecorded,0.039056823000000004,0.010744738,0.015188443,5.156e-05,0.0030708539999999996,0.010001228,6,7721,30611,2111,126,126,22,6,0.039056823000000004,0,0,0,0,0,0.015188443,155
sparse,natural,256,-1,1,155,cost_profile,optimization,swap,0.189719048,0.012084548382288784,True,2.806005493000157,1.7174116999997295,7676e7a24b6ccecb0b1ea752f8a5f2ee15ff854a,7a1ae6ef191e553b1057cb81761b7f3a37c38e07d6d10d60b49888ea546c6201,f2738785a1ca0ec3d9cc33c89ef37d33ba4bf636c08a4494eae5a8407efd8430,f9ca07595afdd48c070bd91bb1ec4a4ccf7a81e34dcf2153a099f3c01f5cb49e,8193db1235a9d0dc24d19dd3b9a4dafccfe62d6667ab5a395f72b30a02339547,unrecorded,0.012106129,0.003365055,0.001642019,9.5e-06,0.000152922,0.006936632999999999,6,7758,30816,2669,97,97,40,6,0.012106129,0,0,0,0,0,0.001642019,155
sparse,natural,256,-1,1,155,cost_profile,optimization,swap2,0.189719048,0.02668601517405239,True,2.806005493000157,1.7174116999997295,7676e7a24b6ccecb0b1ea752f8a5f2ee15ff854a,7a1ae6ef191e553b1057cb81761b7f3a37c38e07d6d10d60b49888ea546c6201,f2738785a1ca0ec3d9cc33c89ef37d33ba4bf636c08a4494eae5a8407efd8430,f9ca07595afdd48c070bd91bb1ec4a4ccf7a81e34dcf2153a099f3c01f5cb49e,8193db1235a9d0dc24d19dd3b9a4dafccfe62d6667ab5a395f72b30a02339547,unrecorded,0.02672533,0.012933501,0.005217816,9.081e-06,3.932e-05,0.008525612,6,7758,30807,6308,39,32,13,6,0.02672533,0,0,0,0,0,0.005217816,155
sparse,natural,256,-1,2,155,cost_profile,generation,combine,1.15132011,0.016524211380020415,True,2.7462458480001715,1.7049862660001054,7676e7a24b6ccecb0b1ea752f8a5f2ee15ff854a,7a1ae6ef191e553b1057cb81761b7f3a37c38e07d6d10d60b49888ea546c6201,f2738785a1ca0ec3d9cc33c89ef37d33ba4bf636c08a4494eae5a8407efd8430,f9ca07595afdd48c070bd91bb1ec4a4ccf7a81e34dcf2153a099f3c01f5cb49e,8193db1235a9d0dc24d19dd3b9a4dafccfe62d6667ab5a395f72b30a02339547,unrecorded,0.016543777,0.008152367,0.0021917639999999997,3.098e-05,0.000101942,0.006066724,4,5198,20617,1186,24,24,15,4,0,0,0.016543777,0,0,0,0.0021917639999999997,155
sparse,natural,256,-1,2,155,cost_profile,generation,split,1.15132011,0.028254692782235663,False,2.7462458480001715,1.7049862660001054,7676e7a24b6ccecb0b1ea752f8a5f2ee15ff854a,7a1ae6ef191e553b1057cb81761b7f3a37c38e07d6d10d60b49888ea546c6201,f2738785a1ca0ec3d9cc33c89ef37d33ba4bf636c08a4494eae5a8407efd8430,f9ca07595afdd48c070bd91bb1ec4a4ccf7a81e34dcf2153a099f3c01f5cb49e,8193db1235a9d0dc24d19dd3b9a4dafccfe62d6667ab5a395f72b30a02339547,unrecorded,0,0,0,0,0,0,0,0,0,0,0,0,0,0,0,0,0,0,0,0,0,155
sparse,natural,256,-1,2,155,cost_profile,generation,swap,1.15132011,0.12206203225757173,False,2.7462458480001715,1.7049862660001054,7676e7a24b6ccecb0b1ea752f8a5f2ee15ff854a,7a1ae6ef191e553b1057cb81761b7f3a37c38e07d6d10d60b49888ea546c6201,f2738785a1ca0ec3d9cc33c89ef37d33ba4bf636c08a4494eae5a8407efd8430,f9ca07595afdd48c070bd91bb1ec4a4ccf7a81e34dcf2153a099f3c01f5cb49e,8193db1235a9d0dc24d19dd3b9a4dafccfe62d6667ab5a395f72b30a02339547,unrecorded,0.10699915599999998,0.029972624,0.05386884100000001,5.6381e-05,0.001340196,0.021761113999999998,13,17002,91964,31272,562,562,248,13,0,0.10030612399999998,0.006693032,0,0,0,0.05386884100000001,155
sparse,natural,256,-1,2,155,cost_profile,generation,swap2,1.15132011,0.04340454782094216,False,2.7462458480001715,1.7049862660001054,7676e7a24b6ccecb0b1ea752f8a5f2ee15ff854a,7a1ae6ef191e553b1057cb81761b7f3a37c38e07d6d10d60b49888ea546c6201,f2738785a1ca0ec3d9cc33c89ef37d33ba4bf636c08a4494eae5a8407efd8430,f9ca07595afdd48c070bd91bb1ec4a4ccf7a81e34dcf2153a099f3c01f5cb49e,8193db1235a9d0dc24d19dd3b9a4dafccfe62d6667ab5a395f72b30a02339547,unrecorded,0.012432074000000001,0.006348448,0.002501188,1.354e-05,4.198e-05,0.003526918,3,3892,15425,2148,79,68,11,3,0,0,0.012432074000000001,0,0,0,0.002501188,155
sparse,natural,256,-1,2,155,cost_profile,repair,combine,0.102205484,0,True,2.7462458480001715,1.7049862660001054,7676e7a24b6ccecb0b1ea752f8a5f2ee15ff854a,7a1ae6ef191e553b1057cb81761b7f3a37c38e07d6d10d60b49888ea546c6201,f2738785a1ca0ec3d9cc33c89ef37d33ba4bf636c08a4494eae5a8407efd8430,f9ca07595afdd48c070bd91bb1ec4a4ccf7a81e34dcf2153a099f3c01f5cb49e,8193db1235a9d0dc24d19dd3b9a4dafccfe62d6667ab5a395f72b30a02339547,unrecorded,0,0,0,0,0,0,0,0,0,0,0,0,0,0,0,0,0,0,0,0,0,155
sparse,natural,256,-1,2,155,cost_profile,repair,split,0.102205484,0.029250082418101953,False,2.7462458480001715,1.7049862660001054,7676e7a24b6ccecb0b1ea752f8a5f2ee15ff854a,7a1ae6ef191e553b1057cb81761b7f3a37c38e07d6d10d60b49888ea546c6201,f2738785a1ca0ec3d9cc33c89ef37d33ba4bf636c08a4494eae5a8407efd8430,f9ca07595afdd48c070bd91bb1ec4a4ccf7a81e34dcf2153a099f3c01f5cb49e,8193db1235a9d0dc24d19dd3b9a4dafccfe62d6667ab5a395f72b30a02339547,unrecorded,0,0,0,0,0,0,0,0,0,0,0,0,0,0,0,0,0,0,0,0,0,155
sparse,natural,256,-1,2,155,cost_profile,repair,swap,0.102205484,0.016180477406825267,False,2.7462458480001715,1.7049862660001054,7676e7a24b6ccecb0b1ea752f8a5f2ee15ff854a,7a1ae6ef191e553b1057cb81761b7f3a37c38e07d6d10d60b49888ea546c6201,f2738785a1ca0ec3d9cc33c89ef37d33ba4bf636c08a4494eae5a8407efd8430,f9ca07595afdd48c070bd91bb1ec4a4ccf7a81e34dcf2153a099f3c01f5cb49e,8193db1235a9d0dc24d19dd3b9a4dafccfe62d6667ab5a395f72b30a02339547,unrecorded,0,0,0,0,0,0,0,0,0,0,0,0,0,0,0,0,0,0,0,0,0,155
sparse,natural,256,-1,2,155,cost_profile,repair,swap2,0.102205484,0.03353116914704679,False,2.7462458480001715,1.7049862660001054,7676e7a24b6ccecb0b1ea752f8a5f2ee15ff854a,7a1ae6ef191e553b1057cb81761b7f3a37c38e07d6d10d60b49888ea546c6201,f2738785a1ca0ec3d9cc33c89ef37d33ba4bf636c08a4494eae5a8407efd8430,f9ca07595afdd48c070bd91bb1ec4a4ccf7a81e34dcf2153a099f3c01f5cb49e,8193db1235a9d0dc24d19dd3b9a4dafccfe62d6667ab5a395f72b30a02339547,unrecorded,0,0,0,0,0,0,0,0,0,0,0,0,0,0,0,0,0,0,0,0,0,155
sparse,natural,256,-1,2,155,cost_profile,optimization,combine,0.214588776,0.013027557553160152,True,2.7462458480001715,1.7049862660001054,7676e7a24b6ccecb0b1ea752f8a5f2ee15ff854a,7a1ae6ef191e553b1057cb81761b7f3a37c38e07d6d10d60b49888ea546c6201,f2738785a1ca0ec3d9cc33c89ef37d33ba4bf636c08a4494eae5a8407efd8430,f9ca07595afdd48c070bd91bb1ec4a4ccf7a81e34dcf2153a099f3c01f5cb49e,8193db1235a9d0dc24d19dd3b9a4dafccfe62d6667ab5a395f72b30a02339547,unrecorded,0.013042301,0.005359277,0.00270603,3.0781e-05,0.000182202,0.004764011,3,3887,15460,1459,95,95,34,3,0,0,0.013042301,0,0,0,0.00270603,155
sparse,natural,256,-1,2,155,cost_profile,optimization,split,0.214588776,0.04147642006118438,True,2.7462458480001715,1.7049862660001054,7676e7a24b6ccecb0b1ea752f8a5f2ee15ff854a,7a1ae6ef191e553b1057cb81761b7f3a37c38e07d6d10d60b49888ea546c6201,f2738785a1ca0ec3d9cc33c89ef37d33ba4bf636c08a4494eae5a8407efd8430,f9ca07595afdd48c070bd91bb1ec4a4ccf7a81e34dcf2153a099f3c01f5cb49e,8193db1235a9d0dc24d19dd3b9a4dafccfe62d6667ab5a395f72b30a02339547,unrecorded,0.041515167,0.01203991,0.015849390999999997,5.4840000000000003e-05,0.003085395,0.010485630999999999,6,7721,30611,2111,126,126,22,6,0.041515167,0,0,0,0,0,0.015849390999999997,155
sparse,natural,256,-1,2,155,cost_profile,optimization,swap,0.214588776,0.01240012314487926,True,2.7462458480001715,1.7049862660001054,7676e7a24b6ccecb0b1ea752f8a5f2ee15ff854a,7a1ae6ef191e553b1057cb81761b7f3a37c38e07d6d10d60b49888ea546c6201,f2738785a1ca0ec3d9cc33c89ef37d33ba4bf636c08a4494eae5a8407efd8430,f9ca07595afdd48c070bd91bb1ec4a4ccf7a81e34dcf2153a099f3c01f5cb49e,8193db1235a9d0dc24d19dd3b9a4dafccfe62d6667ab5a395f72b30a02339547,unrecorded,0.012416994,0.0035921390000000003,0.0017500190000000002,9.4e-06,0.000150461,0.006914975,6,7758,30816,2669,97,97,40,6,0.012416994,0,0,0,0,0,0.0017500190000000002,155
sparse,natural,256,-1,2,155,cost_profile,optimization,swap2,0.214588776,0.028133646463884388,True,2.7462458480001715,1.7049862660001054,7676e7a24b6ccecb0b1ea752f8a5f2ee15ff854a,7a1ae6ef191e553b1057cb81761b7f3a37c38e07d6d10d60b49888ea546c6201,f2738785a1ca0ec3d9cc33c89ef37d33ba4bf636c08a4494eae5a8407efd8430,f9ca07595afdd48c070bd91bb1ec4a4ccf7a81e34dcf2153a099f3c01f5cb49e,8193db1235a9d0dc24d19dd3b9a4dafccfe62d6667ab5a395f72b30a02339547,unrecorded,0.028161164000000002,0.014037451000000001,0.005560002,1.24e-05,4.1660000000000004e-05,0.008509651,6,7758,30807,6308,39,32,13,6,0.028161164000000002,0,0,0,0,0,0.005560002,155
sparse,natural,256,17,1,222,cost_profile,generation,combine,0.557680722,0,True,2.6984079869998823,1.5478784070003258,7676e7a24b6ccecb0b1ea752f8a5f2ee15ff854a,7a1ae6ef191e553b1057cb81761b7f3a37c38e07d6d10d60b49888ea546c6201,f2738785a1ca0ec3d9cc33c89ef37d33ba4bf636c08a4494eae5a8407efd8430,f9ca07595afdd48c070bd91bb1ec4a4ccf7a81e34dcf2153a099f3c01f5cb49e,8193db1235a9d0dc24d19dd3b9a4dafccfe62d6667ab5a395f72b30a02339547,unrecorded,0,0,0,0,0,0,0,0,0,0,0,0,0,0,0,0,0,0,0,0,0,222
sparse,natural,256,17,1,222,cost_profile,generation,split,0.557680722,0.017752820074455833,False,2.6984079869998823,1.5478784070003258,7676e7a24b6ccecb0b1ea752f8a5f2ee15ff854a,7a1ae6ef191e553b1057cb81761b7f3a37c38e07d6d10d60b49888ea546c6201,f2738785a1ca0ec3d9cc33c89ef37d33ba4bf636c08a4494eae5a8407efd8430,f9ca07595afdd48c070bd91bb1ec4a4ccf7a81e34dcf2153a099f3c01f5cb49e,8193db1235a9d0dc24d19dd3b9a4dafccfe62d6667ab5a395f72b30a02339547,unrecorded,0,0,0,0,0,0,0,0,0,0,0,0,0,0,0,0,0,0,0,0,0,222
sparse,natural,256,17,1,222,cost_profile,generation,swap,0.557680722,0.11491630762437866,False,2.6984079869998823,1.5478784070003258,7676e7a24b6ccecb0b1ea752f8a5f2ee15ff854a,7a1ae6ef191e553b1057cb81761b7f3a37c38e07d6d10d60b49888ea546c6201,f2738785a1ca0ec3d9cc33c89ef37d33ba4bf636c08a4494eae5a8407efd8430,f9ca07595afdd48c070bd91bb1ec4a4ccf7a81e34dcf2153a099f3c01f5cb49e,8193db1235a9d0dc24d19dd3b9a4dafccfe62d6667ab5a395f72b30a02339547,unrecorded,0.09510896700000002,0.03456258999999999,0.039589928999999996,2.8681e-05,0.000640228,0.020287538999999997,10,14860,88226,23871,279,279,138,10,0,0.09510896700000002,0,0,0,0,0.039589928999999996,222
sparse,natural,256,17,1,222,cost_profile,generation,swap2,0.557680722,0.011013131132323661,False,2.6984079869998823,1.5478784070003258,7676e7a24b6ccecb0b1ea752f8a5f2ee15ff854a,7a1ae6ef191e553b1057cb81761b7f3a37c38e07d6d10d60b49888ea546c6201,f2738785a1ca0ec3d9cc33c89ef37d33ba4bf636c08a4494eae5a8407efd8430,f9ca07595afdd48c070bd91bb1ec4a4ccf7a81e34dcf2153a099f3c01f5cb49e,8193db1235a9d0dc24d19dd3b9a4dafccfe62d6667ab5a395f72b30a02339547,unrecorded,0,0,0,0,0,0,0,0,0,0,0,0,0,0,0,0,0,0,0,0,0,222
sparse,natural,256,17,1,222,cost_profile,repair,combine,0.180930922,0,True,2.6984079869998823,1.5478784070003258,7676e7a24b6ccecb0b1ea752f8a5f2ee15ff854a,7a1ae6ef191e553b1057cb81761b7f3a37c38e07d6d10d60b49888ea546c6201,f2738785a1ca0ec3d9cc33c89ef37d33ba4bf636c08a4494eae5a8407efd8430,f9ca07595afdd48c070bd91bb1ec4a4ccf7a81e34dcf2153a099f3c01f5cb49e,8193db1235a9d0dc24d19dd3b9a4dafccfe62d6667ab5a395f72b30a02339547,unrecorded,0,0,0,0,0,0,0,0,0,0,0,0,0,0,0,0,0,0,0,0,0,222
sparse,natural,256,17,1,222,cost_profile,repair,split,0.180930922,0.05262147054249511,False,2.6984079869998823,1.5478784070003258,7676e7a24b6ccecb0b1ea752f8a5f2ee15ff854a,7a1ae6ef191e553b1057cb81761b7f3a37c38e07d6d10d60b49888ea546c6201,f2738785a1ca0ec3d9cc33c89ef37d33ba4bf636c08a4494eae5a8407efd8430,f9ca07595afdd48c070bd91bb1ec4a4ccf7a81e34dcf2153a099f3c01f5cb49e,8193db1235a9d0dc24d19dd3b9a4dafccfe62d6667ab5a395f72b30a02339547,unrecorded,0,0,0,0,0,0,0,0,0,0,0,0,0,0,0,0,0,0,0,0,0,222
sparse,natural,256,17,1,222,cost_profile,repair,swap,0.180930922,0.06508503413237543,False,2.6984079869998823,1.5478784070003258,7676e7a24b6ccecb0b1ea752f8a5f2ee15ff854a,7a1ae6ef191e553b1057cb81761b7f3a37c38e07d6d10d60b49888ea546c6201,f2738785a1ca0ec3d9cc33c89ef37d33ba4bf636c08a4494eae5a8407efd8430,f9ca07595afdd48c070bd91bb1ec4a4ccf7a81e34dcf2153a099f3c01f5cb49e,8193db1235a9d0dc24d19dd3b9a4dafccfe62d6667ab5a395f72b30a02339547,unrecorded,0,0,0,0,0,0,0,0,0,0,0,0,0,0,0,0,0,0,0,0,0,222
sparse,natural,256,17,1,222,cost_profile,repair,swap2,0.180930922,0.034420363684534105,False,2.6984079869998823,1.5478784070003258,7676e7a24b6ccecb0b1ea752f8a5f2ee15ff854a,7a1ae6ef191e553b1057cb81761b7f3a37c38e07d6d10d60b49888ea546c6201,f2738785a1ca0ec3d9cc33c89ef37d33ba4bf636c08a4494eae5a8407efd8430,f9ca07595afdd48c070bd91bb1ec4a4ccf7a81e34dcf2153a099f3c01f5cb49e,8193db1235a9d0dc24d19dd3b9a4dafccfe62d6667ab5a395f72b30a02339547,unrecorded,0,0,0,0,0,0,0,0,0,0,0,0,0,0,0,0,0,0,0,0,0,222
sparse,natural,256,17,1,222,cost_profile,optimization,combine,0.588082382,0.04616344710268122,True,2.6984079869998823,1.5478784070003258,7676e7a24b6ccecb0b1ea752f8a5f2ee15ff854a,7a1ae6ef191e553b1057cb81761b7f3a37c38e07d6d10d60b49888ea546c6201,f2738785a1ca0ec3d9cc33c89ef37d33ba4bf636c08a4494eae5a8407efd8430,f9ca07595afdd48c070bd91bb1ec4a4ccf7a81e34dcf2153a099f3c01f5cb49e,8193db1235a9d0dc24d19dd3b9a4dafccfe62d6667ab5a395f72b30a02339547,unrecorded,0.046207147,0.007854893,0.031426672,9.8942e-05,0.0020685440000000003,0.004758096,3,3948,15451,21892,717,717,186,3,0,0,0.046207147,0,0,0,0.031426672,222
sparse,natural,256,17,1,222,cost_profile,optimization,split,0.588082382,0.27562451168208046,True,2.6984079869998823,1.5478784070003258,7676e7a24b6ccecb0b1ea752f8a5f2ee15ff854a,7a1ae6ef191e553b1057cb81761b7f3a37c38e07d6d10d60b49888ea546c6201,f2738785a1ca0ec3d9cc33c89ef37d33ba4bf636c08a4494eae5a8407efd8430,f9ca07595afdd48c070bd91bb1ec4a4ccf7a81e34dcf2153a099f3c01f5cb49e,8193db1235a9d0dc24d19dd3b9a4dafccfe62d6667ab5a395f72b30a02339547,unrecorded,0.275862687,0.016892981,0.232208769,0.000136101,0.016341694,0.010283142,6,7722,30282,42990,839,839,99,6,0.275862687,0,0,0,0,0,0.232208769,222
sparse,natural,256,17,1,222,cost_profile,optimization,swap,0.588082382,0.06115052976302948,True,2.6984079869998823,1.5478784070003258,7676e7a24b6ccecb0b1ea752f8a5f2ee15ff854a,7a1ae6ef191e553b1057cb81761b7f3a37c38e07d6d10d60b49888ea546c6201,f2738785a1ca0ec3d9cc33c89ef37d33ba4bf636c08a4494eae5a8407efd8430,f9ca07595afdd48c070bd91bb1ec4a4ccf7a81e34dcf2153a099f3c01f5cb49e,8193db1235a9d0dc24d19dd3b9a4dafccfe62d6667ab5a395f72b30a02339547,unrecorded,0.061208424000000004,0.01605323,0.035043274,0.000121542,0.00261753,0.0073728479999999996,6,7840,30850,43676,1211,1211,521,6,0.061208424000000004,0,0,0,0,0,0.035043274,222
sparse,natural,256,17,1,222,cost_profile,optimization,swap2,0.588082382,0.06460803125615433,True,2.6984079869998823,1.5478784070003258,7676e7a24b6ccecb0b1ea752f8a5f2ee15ff854a,7a1ae6ef191e553b1057cb81761b7f3a37c38e07d6d10d60b49888ea546c6201,f2738785a1ca0ec3d9cc33c89ef37d33ba4bf636c08a4494eae5a8407efd8430,f9ca07595afdd48c070bd91bb1ec4a4ccf7a81e34dcf2153a099f3c01f5cb49e,8193db1235a9d0dc24d19dd3b9a4dafccfe62d6667ab5a395f72b30a02339547,unrecorded,0.064670005,0.013231816,0.042525004000000005,0.000158383,0.000297002,0.0084578,6,7840,30714,122856,374,319,55,6,0.064670005,0,0,0,0,0,0.042525004000000005,222
sparse,natural,256,41,1,170,cost_profile,generation,combine,1.392888067,0.023882839699429892,True,3.1475848369998403,1.9715718219997598,7676e7a24b6ccecb0b1ea752f8a5f2ee15ff854a,7a1ae6ef191e553b1057cb81761b7f3a37c38e07d6d10d60b49888ea546c6201,f2738785a1ca0ec3d9cc33c89ef37d33ba4bf636c08a4494eae5a8407efd8430,f9ca07595afdd48c070bd91bb1ec4a4ccf7a81e34dcf2153a099f3c01f5cb49e,8193db1235a9d0dc24d19dd3b9a4dafccfe62d6667ab5a395f72b30a02339547,unrecorded,0.023925424999999997,0.007888253999999999,0.009482232,4.0501e-05,0.000232483,0.006281955,4,5132,19642,2159,104,104,46,4,0,0,0.023925424999999997,0,0,0,0.009482232,170
sparse,natural,256,41,1,170,cost_profile,generation,split,1.392888067,0.027681002702776625,False,3.1475848369998403,1.9715718219997598,7676e7a24b6ccecb0b1ea752f8a5f2ee15ff854a,7a1ae6ef191e553b1057cb81761b7f3a37c38e07d6d10d60b49888ea546c6201,f2738785a1ca0ec3d9cc33c89ef37d33ba4bf636c08a4494eae5a8407efd8430,f9ca07595afdd48c070bd91bb1ec4a4ccf7a81e34dcf2153a099f3c01f5cb49e,8193db1235a9d0dc24d19dd3b9a4dafccfe62d6667ab5a395f72b30a02339547,unrecorded,0,0,0,0,0,0,0,0,0,0,0,0,0,0,0,0,0,0,0,0,0,170
sparse,natural,256,41,1,170,cost_profile,generation,swap,1.392888067,0.11986370060387397,False,3.1475848369998403,1.9715718219997598,7676e7a24b6ccecb0b1ea752f8a5f2ee15ff854a,7a1ae6ef191e553b1057cb81761b7f3a37c38e07d6d10d60b49888ea546c6201,f2738785a1ca0ec3d9cc33c89ef37d33ba4bf636c08a4494eae5a8407efd8430,f9ca07595afdd48c070bd91bb1ec4a4ccf7a81e34dcf2153a099f3c01f5cb49e,8193db1235a9d0dc24d19dd3b9a4dafccfe62d6667ab5a395f72b30a02339547,unrecorded,0.10413448600000001,0.029837516,0.049906777,6.060000000000001e-05,0.0014426369999999999,0.022886956,13,17026,92002,29650,630,630,289,13,0,0.096441754,0.007692732,0,0,0,0.049906777,170
sparse,natural,256,41,1,170,cost_profile,generation,swap2,1.392888067,0.042338226018357794,False,3.1475848369998403,1.9715718219997598,7676e7a24b6ccecb0b1ea752f8a5f2ee15ff854a,7a1ae6ef191e553b1057cb81761b7f3a37c38e07d6d10d60b49888ea546c6201,f2738785a1ca0ec3d9cc33c89ef37d33ba4bf636c08a4494eae5a8407efd8430,f9ca07595afdd48c070bd91bb1ec4a4ccf7a81e34dcf2153a099f3c01f5cb49e,8193db1235a9d0dc24d19dd3b9a4dafccfe62d6667ab5a395f72b30a02339547,unrecorded,0.013180299,0.005874471,0.003751245,4.54e-05,6.4841e-05,0.0034443419999999995,3,3826,14616,4044,128,113,15,3,0,0,0.013180299,0,0,0,0.003751245,170
sparse,natural,256,41,1,170,cost_profile,repair,combine,0.108235293,0,True,3.1475848369998403,1.9715718219997598,7676e7a24b6ccecb0b1ea752f8a5f2ee15ff854a,7a1ae6ef191e553b1057cb81761b7f3a37c38e07d6d10d60b49888ea546c6201,f2738785a1ca0ec3d9cc33c89ef37d33ba4bf636c08a4494eae5a8407efd8430,f9ca07595afdd48c070bd91bb1ec4a4ccf7a81e34dcf2153a099f3c01f5cb49e,8193db1235a9d0dc24d19dd3b9a4dafccfe62d6667ab5a395f72b30a02339547,unrecorded,0,0,0,0,0,0,0,0,0,0,0,0,0,0,0,0,0,0,0,0,0,170
sparse,natural,256,41,1,170,cost_profile,repair,split,0.108235293,0.030615886027055783,False,3.1475848369998403,1.9715718219997598,7676e7a24b6ccecb0b1ea752f8a5f2ee15ff854a,7a1ae6ef191e553b1057cb81761b7f3a37c38e07d6d10d60b49888ea546c6201,f2738785a1ca0ec3d9cc33c89ef37d33ba4bf636c08a4494eae5a8407efd8430,f9ca07595afdd48c070bd91bb1ec4a4ccf7a81e34dcf2153a099f3c01f5cb49e,8193db1235a9d0dc24d19dd3b9a4dafccfe62d6667ab5a395f72b30a02339547,unrecorded,0,0,0,0,0,0,0,0,0,0,0,0,0,0,0,0,0,0,0,0,0,170
sparse,natural,256,41,1,170,cost_profile,repair,swap,0.108235293,0.017682466348120207,False,3.1475848369998403,1.9715718219997598,7676e7a24b6ccecb0b1ea752f8a5f2ee15ff854a,7a1ae6ef191e553b1057cb81761b7f3a37c38e07d6d10d60b49888ea546c6201,f2738785a1ca0ec3d9cc33c89ef37d33ba4bf636c08a4494eae5a8407efd8430,f9ca07595afdd48c070bd91bb1ec4a4ccf7a81e34dcf2153a099f3c01f5cb49e,8193db1235a9d0dc24d19dd3b9a4dafccfe62d6667ab5a395f72b30a02339547,unrecorded,0,0,0,0,0,0,0,0,0,0,0,0,0,0,0,0,0,0,0,0,0,170
sparse,natural,256,41,1,170,cost_profile,repair,swap2,0.108235293,0.03326151843992209,False,3.1475848369998403,1.9715718219997598,7676e7a24b6ccecb0b1ea752f8a5f2ee15ff854a,7a1ae6ef191e553b1057cb81761b7f3a37c38e07d6d10d60b49888ea546c6201,f2738785a1ca0ec3d9cc33c89ef37d33ba4bf636c08a4494eae5a8407efd8430,f9ca07595afdd48c070bd91bb1ec4a4ccf7a81e34dcf2153a099f3c01f5cb49e,8193db1235a9d0dc24d19dd3b9a4dafccfe62d6667ab5a395f72b30a02339547,unrecorded,0,0,0,0,0,0,0,0,0,0,0,0,0,0,0,0,0,0,0,0,0,170
sparse,natural,256,41,1,170,cost_profile,optimization,combine,0.235578195,0.013698032547282302,True,3.1475848369998403,1.9715718219997598,7676e7a24b6ccecb0b1ea752f8a5f2ee15ff854a,7a1ae6ef191e553b1057cb81761b7f3a37c38e07d6d10d60b49888ea546c6201,f2738785a1ca0ec3d9cc33c89ef37d33ba4bf636c08a4494eae5a8407efd8430,f9ca07595afdd48c070bd91bb1ec4a4ccf7a81e34dcf2153a099f3c01f5cb49e,8193db1235a9d0dc24d19dd3b9a4dafccfe62d6667ab5a395f72b30a02339547,unrecorded,0.013723884,0.0053150639999999996,0.003099677,4.562e-05,0.000309825,0.004953698,3,3859,14873,2021,213,213,45,3,0,0,0.013723884,0,0,0,0.003099677,170
sparse,natural,256,41,1,170,cost_profile,optimization,split,0.235578195,0.06644955097345814,True,3.1475848369998403,1.9715718219997598,7676e7a24b6ccecb0b1ea752f8a5f2ee15ff854a,7a1ae6ef191e553b1057cb81761b7f3a37c38e07d6d10d60b49888ea546c6201,f2738785a1ca0ec3d9cc33c89ef37d33ba4bf636c08a4494eae5a8407efd8430,f9ca07595afdd48c070bd91bb1ec4a4ccf7a81e34dcf2153a099f3c01f5cb49e,8193db1235a9d0dc24d19dd3b9a4dafccfe62d6667ab5a395f72b30a02339547,unrecorded,0.06655843600000001,0.015636326000000002,0.031384435,6.452e-05,0.008091897,0.011381258,6,7624,29267,3185,194,194,40,6,0.06655843600000001,0,0,0,0,0,0.031384435,170
sparse,natural,256,41,1,170,cost_profile,optimization,swap,0.235578195,0.01667752660929689,True,3.1475848369998403,1.9715718219997598,7676e7a24b6ccecb0b1ea752f8a5f2ee15ff854a,7a1ae6ef191e553b1057cb81761b7f3a37c38e07d6d10d60b49888ea546c6201,f2738785a1ca0ec3d9cc33c89ef37d33ba4bf636c08a4494eae5a8407efd8430,f9ca07595afdd48c070bd91bb1ec4a4ccf7a81e34dcf2153a099f3c01f5cb49e,8193db1235a9d0dc24d19dd3b9a4dafccfe62d6667ab5a395f72b30a02339547,unrecorded,0.016713979,0.0037119430000000005,0.002773154,1.594e-05,0.0029975960000000004,0.007215346,6,7674,29514,3663,184,184,71,6,0.016713979,0,0,0,0,0,0.002773154,170
sparse,natural,256,41,1,170,cost_profile,optimization,swap2,0.235578195,0.03021772420981983,True,3.1475848369998403,1.9715718219997598,7676e7a24b6ccecb0b1ea752f8a5f2ee15ff854a,7a1ae6ef191e553b1057cb81761b7f3a37c38e07d6d10d60b49888ea546c6201,f2738785a1ca0ec3d9cc33c89ef37d33ba4bf636c08a4494eae5a8407efd8430,f9ca07595afdd48c070bd91bb1ec4a4ccf7a81e34dcf2153a099f3c01f5cb49e,8193db1235a9d0dc24d19dd3b9a4dafccfe62d6667ab5a395f72b30a02339547,unrecorded,0.030270281000000003,0.013226819,0.008381679000000001,3.2959999999999996e-05,6.3922e-05,0.008564901,6,7674,29510,10216,80,63,19,6,0.030270281000000003,0,0,0,0,0,0.008381679000000001,170
sparse,natural,256,41,2,170,cost_profile,generation,combine,1.369872804,0.01854178223923597,True,2.9803067660000124,1.9292641460003779,7676e7a24b6ccecb0b1ea752f8a5f2ee15ff854a,7a1ae6ef191e553b1057cb81761b7f3a37c38e07d6d10d60b49888ea546c6201,f2738785a1ca0ec3d9cc33c89ef37d33ba4bf636c08a4494eae5a8407efd8430,f9ca07595afdd48c070bd91bb1ec4a4ccf7a81e34dcf2153a099f3c01f5cb49e,8193db1235a9d0dc24d19dd3b9a4dafccfe62d6667ab5a395f72b30a02339547,unrecorded,0.018559379,0.008031074,0.004117628999999999,3.918e-05,0.00022978299999999998,0.006141713,4,5132,19642,2159,104,104,46,4,0,0,0.018559379,0,0,0,0.004117628999999999,170
sparse,natural,256,41,2,170,cost_profile,generation,split,1.369872804,0.027142341936742753,False,2.9803067660000124,1.9292641460003779,7676e7a24b6ccecb0b1ea752f8a5f2ee15ff854a,7a1ae6ef191e553b1057cb81761b7f3a37c38e07d6d10d60b49888ea546c6201,f2738785a1ca0ec3d9cc33c89ef37d33ba4bf636c08a4494eae5a8407efd8430,f9ca07595afdd48c070bd91bb1ec4a4ccf7a81e34dcf2153a099f3c01f5cb49e,8193db1235a9d0dc24d19dd3b9a4dafccfe62d6667ab5a395f72b30a02339547,unrecorded,0,0,0,0,0,0,0,0,0,0,0,0,0,0,0,0,0,0,0,0,0,170
sparse,natural,256,41,2,170,cost_profile,generation,swap,1.369872804,0.12072950611106104,False,2.9803067660000124,1.9292641460003779,7676e7a24b6ccecb0b1ea752f8a5f2ee15ff854a,7a1ae6ef191e553b1057cb81761b7f3a37c38e07d6d10d60b49888ea546c6201,f2738785a1ca0ec3d9cc33c89ef37d33ba4bf636c08a4494eae5a8407efd8430,f9ca07595afdd48c070bd91bb1ec4a4ccf7a81e34dcf2153a099f3c01f5cb49e,8193db1235a9d0dc24d19dd3b9a4dafccfe62d6667ab5a395f72b30a02339547,unrecorded,0.101892943,0.029281227,0.047719083,6.303999999999999e-05,0.001446576,0.023383016999999996,13,17026,92002,29650,630,630,289,13,0,0.09370332499999999,0.008189618000000001,0,0,0,0.047719083,170
sparse,natural,256,41,2,170,cost_profile,generation,swap2,1.369872804,0.04259139220783742,False,2.9803067660000124,1.9292641460003779,7676e7a24b6ccecb0b1ea752f8a5f2ee15ff854a,7a1ae6ef191e553b1057cb81761b7f3a37c38e07d6d10d60b49888ea546c6201,f2738785a1ca0ec3d9cc33c89ef37d33ba4bf636c08a4494eae5a8407efd8430,f9ca07595afdd48c070bd91bb1ec4a4ccf7a81e34dcf2153a099f3c01f5cb49e,8193db1235a9d0dc24d19dd3b9a4dafccfe62d6667ab5a395f72b30a02339547,unrecorded,0.013092655,0.005703608,0.0038365660000000005,4.6779999999999996e-05,6.894e-05,0.003436761,3,3826,14616,4044,128,113,15,3,0,0,0.013092655,0,0,0,0.0038365660000000005,170
sparse,natural,256,41,2,170,cost_profile,repair,combine,0.100518387,0,True,2.9803067660000124,1.9292641460003779,7676e7a24b6ccecb0b1ea752f8a5f2ee15ff854a,7a1ae6ef191e553b1057cb81761b7f3a37c38e07d6d10d60b49888ea546c6201,f2738785a1ca0ec3d9cc33c89ef37d33ba4bf636c08a4494eae5a8407efd8430,f9ca07595afdd48c070bd91bb1ec4a4ccf7a81e34dcf2153a099f3c01f5cb49e,8193db1235a9d0dc24d19dd3b9a4dafccfe62d6667ab5a395f72b30a02339547,unrecorded,0,0,0,0,0,0,0,0,0,0,0,0,0,0,0,0,0,0,0,0,0,170
sparse,natural,256,41,2,170,cost_profile,repair,split,0.100518387,0.030165323702496888,False,2.9803067660000124,1.9292641460003779,7676e7a24b6ccecb0b1ea752f8a5f2ee15ff854a,7a1ae6ef191e553b1057cb81761b7f3a37c38e07d6d10d60b49888ea546c6201,f2738785a1ca0ec3d9cc33c89ef37d33ba4bf636c08a4494eae5a8407efd8430,f9ca07595afdd48c070bd91bb1ec4a4ccf7a81e34dcf2153a099f3c01f5cb49e,8193db1235a9d0dc24d19dd3b9a4dafccfe62d6667ab5a395f72b30a02339547,unrecorded,0,0,0,0,0,0,0,0,0,0,0,0,0,0,0,0,0,0,0,0,0,170
sparse,natural,256,41,2,170,cost_profile,repair,swap,0.100518387,0.017582547077695354,False,2.9803067660000124,1.9292641460003779,7676e7a24b6ccecb0b1ea752f8a5f2ee15ff854a,7a1ae6ef191e553b1057cb81761b7f3a37c38e07d6d10d60b49888ea546c6201,f2738785a1ca0ec3d9cc33c89ef37d33ba4bf636c08a4494eae5a8407efd8430,f9ca07595afdd48c070bd91bb1ec4a4ccf7a81e34dcf2153a099f3c01f5cb49e,8193db1235a9d0dc24d19dd3b9a4dafccfe62d6667ab5a395f72b30a02339547,unrecorded,0,0,0,0,0,0,0,0,0,0,0,0,0,0,0,0,0,0,0,0,0,170
sparse,natural,256,41,2,170,cost_profile,repair,swap2,0.100518387,0.0331873861246092,False,2.9803067660000124,1.9292641460003779,7676e7a24b6ccecb0b1ea752f8a5f2ee15ff854a,7a1ae6ef191e553b1057cb81761b7f3a37c38e07d6d10d60b49888ea546c6201,f2738785a1ca0ec3d9cc33c89ef37d33ba4bf636c08a4494eae5a8407efd8430,f9ca07595afdd48c070bd91bb1ec4a4ccf7a81e34dcf2153a099f3c01f5cb49e,8193db1235a9d0dc24d19dd3b9a4dafccfe62d6667ab5a395f72b30a02339547,unrecorded,0,0,0,0,0,0,0,0,0,0,0,0,0,0,0,0,0,0,0,0,0,170
sparse,natural,256,41,2,170,cost_profile,optimization,combine,0.223232154,0.01357015169607284,True,2.9803067660000124,1.9292641460003779,7676e7a24b6ccecb0b1ea752f8a5f2ee15ff854a,7a1ae6ef191e553b1057cb81761b7f3a37c38e07d6d10d60b49888ea546c6201,f2738785a1ca0ec3d9cc33c89ef37d33ba4bf636c08a4494eae5a8407efd8430,f9ca07595afdd48c070bd91bb1ec4a4ccf7a81e34dcf2153a099f3c01f5cb49e,8193db1235a9d0dc24d19dd3b9a4dafccfe62d6667ab5a395f72b30a02339547,unrecorded,0.013584520000000001,0.005264461,0.003062117,4.5759999999999996e-05,0.000315444,0.004896738,3,3859,14873,2021,213,213,45,3,0,0,0.013584520000000001,0,0,0,0.003062117,170
sparse,natural,256,41,2,170,cost_profile,optimization,split,0.223232154,0.057069475693093286,True,2.9803067660000124,1.9292641460003779,7676e7a24b6ccecb0b1ea752f8a5f2ee15ff854a,7a1ae6ef191e553b1057cb81761b7f3a37c38e07d6d10d60b49888ea546c6201,f2738785a1ca0ec3d9cc33c89ef37d33ba4bf636c08a4494eae5a8407efd8430,f9ca07595afdd48c070bd91bb1ec4a4ccf7a81e34dcf2153a099f3c01f5cb49e,8193db1235a9d0dc24d19dd3b9a4dafccfe62d6667ab5a395f72b30a02339547,unrecorded,0.057115453999999996,0.011519036,0.029523809,6.4181e-05,0.005551464,0.010456964,6,7624,29267,3185,194,194,40,6,0.057115453999999996,0,0,0,0,0,0.029523809,170
sparse,natural,256,41,2,170,cost_profile,optimization,swap,0.223232154,0.013451396480432698,True,2.9803067660000124,1.9292641460003779,7676e7a24b6ccecb0b1ea752f8a5f2ee15ff854a,7a1ae6ef191e553b1057cb81761b7f3a37c38e07d6d10d60b49888ea546c6201,f2738785a1ca0ec3d9cc33c89ef37d33ba4bf636c08a4494eae5a8407efd8430,f9ca07595afdd48c070bd91bb1ec4a4ccf7a81e34dcf2153a099f3c01f5cb49e,8193db1235a9d0dc24d19dd3b9a4dafccfe62d6667ab5a395f72b30a02339547,unrecorded,0.01346932,0.0035382810000000003,0.0026812539999999997,1.558e-05,0.000274442,0.006959763,6,7674,29514,3663,184,184,71,6,0.01346932,0,0,0,0,0,0.0026812539999999997,170
sparse,natural,256,41,2,170,cost_profile,optimization,swap2,0.223232154,0.030106325823572144,True,2.9803067660000124,1.9292641460003779,7676e7a24b6ccecb0b1ea752f8a5f2ee15ff854a,7a1ae6ef191e553b1057cb81761b7f3a37c38e07d6d10d60b49888ea546c6201,f2738785a1ca0ec3d9cc33c89ef37d33ba4bf636c08a4494eae5a8407efd8430,f9ca07595afdd48c070bd91bb1ec4a4ccf7a81e34dcf2153a099f3c01f5cb49e,8193db1235a9d0dc24d19dd3b9a4dafccfe62d6667ab5a395f72b30a02339547,unrecorded,0.030134634999999996,0.013217275999999998,0.008300438,3.52e-05,6.2821e-05,0.0085189,6,7674,29510,10216,80,63,19,6,0.030134634999999996,0,0,0,0,0,0.008300438,170
sparse,natural,512,-1,1,454,cost_profile,generation,combine,0.45991476,0,True,2.182571370000005,0.9888955630001419,7676e7a24b6ccecb0b1ea752f8a5f2ee15ff854a,7a1ae6ef191e553b1057cb81761b7f3a37c38e07d6d10d60b49888ea546c6201,f2738785a1ca0ec3d9cc33c89ef37d33ba4bf636c08a4494eae5a8407efd8430,f9ca07595afdd48c070bd91bb1ec4a4ccf7a81e34dcf2153a099f3c01f5cb49e,8193db1235a9d0dc24d19dd3b9a4dafccfe62d6667ab5a395f72b30a02339547,unrecorded,0,0,0,0,0,0,0,0,0,0,0,0,0,0,0,0,0,0,0,0,0,454
sparse,natural,512,-1,1,454,cost_profile,generation,split,0.45991476,0.029796342473594306,False,2.182571370000005,0.9888955630001419,7676e7a24b6ccecb0b1ea752f8a5f2ee15ff854a,7a1ae6ef191e553b1057cb81761b7f3a37c38e07d6d10d60b49888ea546c6201,f2738785a1ca0ec3d9cc33c89ef37d33ba4bf636c08a4494eae5a8407efd8430,f9ca07595afdd48c070bd91bb1ec4a4ccf7a81e34dcf2153a099f3c01f5cb49e,8193db1235a9d0dc24d19dd3b9a4dafccfe62d6667ab5a395f72b30a02339547,unrecorded,0,0,0,0,0,0,0,0,0,0,0,0,0,0,0,0,0,0,0,0,0,454
sparse,natural,512,-1,1,454,cost_profile,generation,swap,0.45991476,0.09246588876946105,False,2.182571370000005,0.9888955630001419,7676e7a24b6ccecb0b1ea752f8a5f2ee15ff854a,7a1ae6ef191e553b1057cb81761b7f3a37c38e07d6d10d60b49888ea546c6201,f2738785a1ca0ec3d9cc33c89ef37d33ba4bf636c08a4494eae5a8407efd8430,f9ca07595afdd48c070bd91bb1ec4a4ccf7a81e34dcf2153a099f3c01f5cb49e,8193db1235a9d0dc24d19dd3b9a4dafccfe62d6667ab5a395f72b30a02339547,unrecorded,0.055380228,0.016324385999999996,0.029353673999999996,3.266e-05,0.000639407,0.009030100999999999,10,6370,35268,17838,340,340,155,10,0,0.055380228,0,0,0,0,0.029353673999999996,454
sparse,natural,512,-1,1,454,cost_profile,generation,swap2,0.45991476,0.020625764063103402,False,2.182571370000005,0.9888955630001419,7676e7a24b6ccecb0b1ea752f8a5f2ee15ff854a,7a1ae6ef191e553b1057cb81761b7f3a37c38e07d6d10d60b49888ea546c6201,f2738785a1ca0ec3d9cc33c89ef37d33ba4bf636c08a4494eae5a8407efd8430,f9ca07595afdd48c070bd91bb1ec4a4ccf7a81e34dcf2153a099f3c01f5cb49e,8193db1235a9d0dc24d19dd3b9a4dafccfe62d6667ab5a395f72b30a02339547,unrecorded,0,0,0,0,0,0,0,0,0,0,0,0,0,0,0,0,0,0,0,0,0,454
sparse,natural,512,-1,1,454,cost_profile,repair,combine,0.087580174,0,True,2.182571370000005,0.9888955630001419,7676e7a24b6ccecb0b1ea752f8a5f2ee15ff854a,7a1ae6ef191e553b1057cb81761b7f3a37c38e07d6d10d60b49888ea546c6201,f2738785a1ca0ec3d9cc33c89ef37d33ba4bf636c08a4494eae5a8407efd8430,f9ca07595afdd48c070bd91bb1ec4a4ccf7a81e34dcf2153a099f3c01f5cb49e,8193db1235a9d0dc24d19dd3b9a4dafccfe62d6667ab5a395f72b30a02339547,unrecorded,0,0,0,0,0,0,0,0,0,0,0,0,0,0,0,0,0,0,0,0,0,454
sparse,natural,512,-1,1,454,cost_profile,repair,split,0.087580174,0.025980443330746644,False,2.182571370000005,0.9888955630001419,7676e7a24b6ccecb0b1ea752f8a5f2ee15ff854a,7a1ae6ef191e553b1057cb81761b7f3a37c38e07d6d10d60b49888ea546c6201,f2738785a1ca0ec3d9cc33c89ef37d33ba4bf636c08a4494eae5a8407efd8430,f9ca07595afdd48c070bd91bb1ec4a4ccf7a81e34dcf2153a099f3c01f5cb49e,8193db1235a9d0dc24d19dd3b9a4dafccfe62d6667ab5a395f72b30a02339547,unrecorded,0,0,0,0,0,0,0,0,0,0,0,0,0,0,0,0,0,0,0,0,0,454
sparse,natural,512,-1,1,454,cost_profile,repair,swap,0.087580174,0.03248731067522259,False,2.182571370000005,0.9888955630001419,7676e7a24b6ccecb0b1ea752f8a5f2ee15ff854a,7a1ae6ef191e553b1057cb81761b7f3a37c38e07d6d10d60b49888ea546c6201,f2738785a1ca0ec3d9cc33c89ef37d33ba4bf636c08a4494eae5a8407efd8430,f9ca07595afdd48c070bd91bb1ec4a4ccf7a81e34dcf2153a099f3c01f5cb49e,8193db1235a9d0dc24d19dd3b9a4dafccfe62d6667ab5a395f72b30a02339547,unrecorded,0,0,0,0,0,0,0,0,0,0,0,0,0,0,0,0,0,0,0,0,0,454
sparse,natural,512,-1,1,454,cost_profile,repair,swap2,0.087580174,0.01799823609579232,False,2.182571370000005,0.9888955630001419,7676e7a24b6ccecb0b1ea752f8a5f2ee15ff854a,7a1ae6ef191e553b1057cb81761b7f3a37c38e07d6d10d60b49888ea546c6201,f2738785a1ca0ec3d9cc33c89ef37d33ba4bf636c08a4494eae5a8407efd8430,f9ca07595afdd48c070bd91bb1ec4a4ccf7a81e34dcf2153a099f3c01f5cb49e,8193db1235a9d0dc24d19dd3b9a4dafccfe62d6667ab5a395f72b30a02339547,unrecorded,0,0,0,0,0,0,0,0,0,0,0,0,0,0,0,0,0,0,0,0,0,454
sparse,natural,512,-1,1,454,cost_profile,optimization,combine,0.318874939,0.022405804783120764,True,2.182571370000005,0.9888955630001419,7676e7a24b6ccecb0b1ea752f8a5f2ee15ff854a,7a1ae6ef191e553b1057cb81761b7f3a37c38e07d6d10d60b49888ea546c6201,f2738785a1ca0ec3d9cc33c89ef37d33ba4bf636c08a4494eae5a8407efd8430,f9ca07595afdd48c070bd91bb1ec4a4ccf7a81e34dcf2153a099f3c01f5cb49e,8193db1235a9d0dc24d19dd3b9a4dafccfe62d6667ab5a395f72b30a02339547,unrecorded,0.022446573999999997,0.003986625,0.015374034,5.4261e-05,0.0008398689999999999,0.002191785,3,2098,7618,11153,344,344,97,3,0,0,0.022446573999999997,0,0,0,0.015374034,454
sparse,natural,512,-1,1,454,cost_profile,optimization,split,0.318874939,0.1673232685609037,True,2.182571370000005,0.9888955630001419,7676e7a24b6ccecb0b1ea752f8a5f2ee15ff854a,7a1ae6ef191e553b1057cb81761b7f3a37c38e07d6d10d60b49888ea546c6201,f2738785a1ca0ec3d9cc33c89ef37d33ba4bf636c08a4494eae5a8407efd8430,f9ca07595afdd48c070bd91bb1ec4a4ccf7a81e34dcf2153a099f3c01f5cb49e,8193db1235a9d0dc24d19dd3b9a4dafccfe62d6667ab5a395f72b30a02339547,unrecorded,0.16759292299999998,0.008494076000000001,0.142571859,7.8581e-05,0.011611990999999999,0.004836416,6,4067,14649,21590,393,393,75,6,0.16759292299999998,0,0,0,0,0,0.142571859,454
sparse,natural,512,-1,1,454,cost_profile,optimization,swap,0.318874939,0.03139530795131151,True,2.182571370000005,0.9888955630001419,7676e7a24b6ccecb0b1ea752f8a5f2ee15ff854a,7a1ae6ef191e553b1057cb81761b7f3a37c38e07d6d10d60b49888ea546c6201,f2738785a1ca0ec3d9cc33c89ef37d33ba4bf636c08a4494eae5a8407efd8430,f9ca07595afdd48c070bd91bb1ec4a4ccf7a81e34dcf2153a099f3c01f5cb49e,8193db1235a9d0dc24d19dd3b9a4dafccfe62d6667ab5a395f72b30a02339547,unrecorded,0.031450176999999996,0.008537835,0.018199587000000003,6.6481e-05,0.001267433,0.0033788410000000005,6,4151,15048,22073,685,685,289,6,0.031450176999999996,0,0,0,0,0,0.018199587000000003,454
sparse,natural,512,-1,1,454,cost_profile,optimization,swap2,0.318874939,0.030423815713426283,True,2.182571370000005,0.9888955630001419,7676e7a24b6ccecb0b1ea752f8a5f2ee15ff854a,7a1ae6ef191e553b1057cb81761b7f3a37c38e07d6d10d60b49888ea546c6201,f2738785a1ca0ec3d9cc33c89ef37d33ba4bf636c08a4494eae5a8407efd8430,f9ca07595afdd48c070bd91bb1ec4a4ccf7a81e34dcf2153a099f3c01f5cb49e,8193db1235a9d0dc24d19dd3b9a4dafccfe62d6667ab5a395f72b30a02339547,unrecorded,0.030476824,0.007214501,0.019541182,3.984e-05,9.830099999999999e-05,0.003583,6,4151,14990,59960,132,99,34,6,0.030476824,0,0,0,0,0,0.019541182,454
sparse,natural,512,-1,2,454,cost_profile,generation,combine,0.49428009,0,True,2.3778075059999537,1.0140753689997837,7676e7a24b6ccecb0b1ea752f8a5f2ee15ff854a,7a1ae6ef191e553b1057cb81761b7f3a37c38e07d6d10d60b49888ea546c6201,f2738785a1ca0ec3d9cc33c89ef37d33ba4bf636c08a4494eae5a8407efd8430,f9ca07595afdd48c070bd91bb1ec4a4ccf7a81e34dcf2153a099f3c01f5cb49e,8193db1235a9d0dc24d19dd3b9a4dafccfe62d6667ab5a395f72b30a02339547,unrecorded,0,0,0,0,0,0,0,0,0,0,0,0,0,0,0,0,0,0,0,0,0,454
sparse,natural,512,-1,2,454,cost_profile,generation,split,0.49428009,0.029523912878866465,False,2.3778075059999537,1.0140753689997837,7676e7a24b6ccecb0b1ea752f8a5f2ee15ff854a,7a1ae6ef191e553b1057cb81761b7f3a37c38e07d6d10d60b49888ea546c6201,f2738785a1ca0ec3d9cc33c89ef37d33ba4bf636c08a4494eae5a8407efd8430,f9ca07595afdd48c070bd91bb1ec4a4ccf7a81e34dcf2153a099f3c01f5cb49e,8193db1235a9d0dc24d19dd3b9a4dafccfe62d6667ab5a395f72b30a02339547,unrecorded,0,0,0,0,0,0,0,0,0,0,0,0,0,0,0,0,0,0,0,0,0,454
sparse,natural,512,-1,2,454,cost_profile,generation,swap,0.49428009,0.1309743431997198,False,2.3778075059999537,1.0140753689997837,7676e7a24b6ccecb0b1ea752f8a5f2ee15ff854a,7a1ae6ef191e553b1057cb81761b7f3a37c38e07d6d10d60b49888ea546c6201,f2738785a1ca0ec3d9cc33c89ef37d33ba4bf636c08a4494eae5a8407efd8430,f9ca07595afdd48c070bd91bb1ec4a4ccf7a81e34dcf2153a099f3c01f5cb49e,8193db1235a9d0dc24d19dd3b9a4dafccfe62d6667ab5a395f72b30a02339547,unrecorded,0.09440169099999998,0.024654078,0.059535754,3.3401e-05,0.000648748,0.00952971,10,6370,35268,17838,340,340,155,10,0,0.09440169099999998,0,0,0,0,0.059535754,454
sparse,natural,512,-1,2,454,cost_profile,generation,swap2,0.49428009,0.02002226403221996,False,2.3778075059999537,1.0140753689997837,7676e7a24b6ccecb0b1ea752f8a5f2ee15ff854a,7a1ae6ef191e553b1057cb81761b7f3a37c38e07d6d10d60b49888ea546c6201,f2738785a1ca0ec3d9cc33c89ef37d33ba4bf636c08a4494eae5a8407efd8430,f9ca07595afdd48c070bd91bb1ec4a4ccf7a81e34dcf2153a099f3c01f5cb49e,8193db1235a9d0dc24d19dd3b9a4dafccfe62d6667ab5a395f72b30a02339547,unrecorded,0,0,0,0,0,0,0,0,0,0,0,0,0,0,0,0,0,0,0,0,0,454
sparse,natural,512,-1,2,454,cost_profile,repair,combine,0.087862677,0,True,2.3778075059999537,1.0140753689997837,7676e7a24b6ccecb0b1ea752f8a5f2ee15ff854a,7a1ae6ef191e553b1057cb81761b7f3a37c38e07d6d10d60b49888ea546c6201,f2738785a1ca0ec3d9cc33c89ef37d33ba4bf636c08a4494eae5a8407efd8430,f9ca07595afdd48c070bd91bb1ec4a4ccf7a81e34dcf2153a099f3c01f5cb49e,8193db1235a9d0dc24d19dd3b9a4dafccfe62d6667ab5a395f72b30a02339547,unrecorded,0,0,0,0,0,0,0,0,0,0,0,0,0,0,0,0,0,0,0,0,0,454
sparse,natural,512,-1,2,454,cost_profile,repair,split,0.087862677,0.026059647082024934,False,2.3778075059999537,1.0140753689997837,7676e7a24b6ccecb0b1ea752f8a5f2ee15ff854a,7a1ae6ef191e553b1057cb81761b7f3a37c38e07d6d10d60b49888ea546c6201,f2738785a1ca0ec3d9cc33c89ef37d33ba4bf636c08a4494eae5a8407efd8430,f9ca07595afdd48c070bd91bb1ec4a4ccf7a81e34dcf2153a099f3c01f5cb49e,8193db1235a9d0dc24d19dd3b9a4dafccfe62d6667ab5a395f72b30a02339547,unrecorded,0,0,0,0,0,0,0,0,0,0,0,0,0,0,0,0,0,0,0,0,0,454
sparse,natural,512,-1,2,454,cost_profile,repair,swap,0.087862677,0.032421469173966266,False,2.3778075059999537,1.0140753689997837,7676e7a24b6ccecb0b1ea752f8a5f2ee15ff854a,7a1ae6ef191e553b1057cb81761b7f3a37c38e07d6d10d60b49888ea546c6201,f2738785a1ca0ec3d9cc33c89ef37d33ba4bf636c08a4494eae5a8407efd8430,f9ca07595afdd48c070bd91bb1ec4a4ccf7a81e34dcf2153a099f3c01f5cb49e,8193db1235a9d0dc24d19dd3b9a4dafccfe62d6667ab5a395f72b30a02339547,unrecorded,0,0,0,0,0,0,0,0,0,0,0,0,0,0,0,0,0,0,0,0,0,454
sparse,natural,512,-1,2,454,cost_profile,repair,swap2,0.087862677,0.018241185588649234,False,2.3778075059999537,1.0140753689997837,7676e7a24b6ccecb0b1ea752f8a5f2ee15ff854a,7a1ae6ef191e553b1057cb81761b7f3a37c38e07d6d10d60b49888ea546c6201,f2738785a1ca0ec3d9cc33c89ef37d33ba4bf636c08a4494eae5a8407efd8430,f9ca07595afdd48c070bd91bb1ec4a4ccf7a81e34dcf2153a099f3c01f5cb49e,8193db1235a9d0dc24d19dd3b9a4dafccfe62d6667ab5a395f72b30a02339547,unrecorded,0,0,0,0,0,0,0,0,0,0,0,0,0,0,0,0,0,0,0,0,0,454
sparse,natural,512,-1,2,454,cost_profile,optimization,combine,0.31275033,0.022436937563312498,True,2.3778075059999537,1.0140753689997837,7676e7a24b6ccecb0b1ea752f8a5f2ee15ff854a,7a1ae6ef191e553b1057cb81761b7f3a37c38e07d6d10d60b49888ea546c6201,f2738785a1ca0ec3d9cc33c89ef37d33ba4bf636c08a4494eae5a8407efd8430,f9ca07595afdd48c070bd91bb1ec4a4ccf7a81e34dcf2153a099f3c01f5cb49e,8193db1235a9d0dc24d19dd3b9a4dafccfe62d6667ab5a395f72b30a02339547,unrecorded,0.022465976000000002,0.003960445,0.015451076000000001,5.6221e-05,0.000866909,0.002131325,3,2098,7618,11153,344,344,97,3,0,0,0.022465976000000002,0,0,0,0.015451076000000001,454
sparse,natural,512,-1,2,454,cost_profile,optimization,split,0.31275033,0.15103272704648274,True,2.3778075059999537,1.0140753689997837,7676e7a24b6ccecb0b1ea752f8a5f2ee15ff854a,7a1ae6ef191e553b1057cb81761b7f3a37c38e07d6d10d60b49888ea546c6201,f2738785a1ca0ec3d9cc33c89ef37d33ba4bf636c08a4494eae5a8407efd8430,f9ca07595afdd48c070bd91bb1ec4a4ccf7a81e34dcf2153a099f3c01f5cb49e,8193db1235a9d0dc24d19dd3b9a4dafccfe62d6667ab5a395f72b30a02339547,unrecorded,0.151206436,0.008489637,0.126155491,8.564099999999999e-05,0.011626931,0.004848735999999999,6,4067,14649,21590,393,393,75,6,0.151206436,0,0,0,0,0,0.126155491,454
sparse,natural,512,-1,2,454,cost_profile,optimization,swap,0.31275033,0.03121061632027855,True,2.3778075059999537,1.0140753689997837,7676e7a24b6ccecb0b1ea752f8a5f2ee15ff854a,7a1ae6ef191e553b1057cb81761b7f3a37c38e07d6d10d60b49888ea546c6201,f2738785a1ca0ec3d9cc33c89ef37d33ba4bf636c08a4494eae5a8407efd8430,f9ca07595afdd48c070bd91bb1ec4a4ccf7a81e34dcf2153a099f3c01f5cb49e,8193db1235a9d0dc24d19dd3b9a4dafccfe62d6667ab5a395f72b30a02339547,unrecorded,0.031250595,0.008452876,0.018098885999999998,6.582e-05,0.001298635,0.0033343780000000003,6,4151,15048,22073,685,685,289,6,0.031250595,0,0,0,0,0,0.018098885999999998,454
sparse,natural,512,-1,2,454,cost_profile,optimization,swap2,0.31275033,0.030443849394402034,True,2.3778075059999537,1.0140753689997837,7676e7a24b6ccecb0b1ea752f8a5f2ee15ff854a,7a1ae6ef191e553b1057cb81761b7f3a37c38e07d6d10d60b49888ea546c6201,f2738785a1ca0ec3d9cc33c89ef37d33ba4bf636c08a4494eae5a8407efd8430,f9ca07595afdd48c070bd91bb1ec4a4ccf7a81e34dcf2153a099f3c01f5cb49e,8193db1235a9d0dc24d19dd3b9a4dafccfe62d6667ab5a395f72b30a02339547,unrecorded,0.030483186,0.0071826419999999995,0.019521581,3.8821e-05,0.00010044000000000001,0.003639702,6,4151,14990,59960,132,99,34,6,0.030483186,0,0,0,0,0,0.019521581,454
sparse,natural,512,17,1,359,cost_profile,generation,combine,0.84320136,0.009130134729180062,True,2.2835274080000545,1.0977025940001113,7676e7a24b6ccecb0b1ea752f8a5f2ee15ff854a,7a1ae6ef191e553b1057cb81761b7f3a37c38e07d6d10d60b49888ea546c6201,f2738785a1ca0ec3d9cc33c89ef37d33ba4bf636c08a4494eae5a8407efd8430,f9ca07595afdd48c070bd91bb1ec4a4ccf7a81e34dcf2153a099f3c01f5cb49e,8193db1235a9d0dc24d19dd3b9a4dafccfe62d6667ab5a395f72b30a02339547,unrecorded,0.009144995,0.00394637,0.0025316509999999998,2.8159999999999995e-05,0.000133783,0.0025050309999999996,4,2635,8965,1688,74,74,37,4,0,0,0.009144995,0,0,0,0.0025316509999999998,359
sparse,natural,512,17,1,359,cost_profile,generation,split,0.84320136,0.02156641015707436,False,2.2835274080000545,1.0977025940001113,7676e7a24b6ccecb0b1ea752f8a5f2ee15ff854a,7a1ae6ef191e553b1057cb81761b7f3a37c38e07d6d10d60b49888ea546c6201,f2738785a1ca0ec3d9cc33c89ef37d33ba4bf636c08a4494eae5a8407efd8430,f9ca07595afdd48c070bd91bb1ec4a4ccf7a81e34dcf2153a099f3c01f5cb49e,8193db1235a9d0dc24d19dd3b9a4dafccfe62d6667ab5a395f72b30a02339547,unrecorded,0,0,0,0,0,0,0,0,0,0,0,0,0,0,0,0,0,0,0,0,0,359
sparse,natural,512,17,1,359,cost_profile,generation,swap,0.84320136,0.07532394110906471,False,2.2835274080000545,1.0977025940001113,7676e7a24b6ccecb0b1ea752f8a5f2ee15ff854a,7a1ae6ef191e553b1057cb81761b7f3a37c38e07d6d10d60b49888ea546c6201,f2738785a1ca0ec3d9cc33c89ef37d33ba4bf636c08a4494eae5a8407efd8430,f9ca07595afdd48c070bd91bb1ec4a4ccf7a81e34dcf2153a099f3c01f5cb49e,8193db1235a9d0dc24d19dd3b9a4dafccfe62d6667ab5a395f72b30a02339547,unrecorded,0.066799596,0.018064747000000003,0.03711674300000001,4.533999999999999e-05,0.0009752319999999999,0.010597533999999999,13,8465,42626,23146,443,443,206,13,0,0.062358459,0.0044411369999999995,0,0,0,0.03711674300000001,359
sparse,natural,512,17,1,359,cost_profile,generation,swap2,0.84320136,0.024237254719689405,False,2.2835274080000545,1.0977025940001113,7676e7a24b6ccecb0b1ea752f8a5f2ee15ff854a,7a1ae6ef191e553b1057cb81761b7f3a37c38e07d6d10d60b49888ea546c6201,f2738785a1ca0ec3d9cc33c89ef37d33ba4bf636c08a4494eae5a8407efd8430,f9ca07595afdd48c070bd91bb1ec4a4ccf7a81e34dcf2153a099f3c01f5cb49e,8193db1235a9d0dc24d19dd3b9a4dafccfe62d6667ab5a395f72b30a02339547,unrecorded,0.008361605000000001,0.002855356,0.00405357,1.162e-05,4.7581e-05,0.001393478,3,1955,6634,3132,83,72,11,3,0,0,0.008361605000000001,0,0,0,0.00405357,359
sparse,natural,512,17,1,359,cost_profile,repair,combine,0.049742561,0,True,2.2835274080000545,1.0977025940001113,7676e7a24b6ccecb0b1ea752f8a5f2ee15ff854a,7a1ae6ef191e553b1057cb81761b7f3a37c38e07d6d10d60b49888ea546c6201,f2738785a1ca0ec3d9cc33c89ef37d33ba4bf636c08a4494eae5a8407efd8430,f9ca07595afdd48c070bd91bb1ec4a4ccf7a81e34dcf2153a099f3c01f5cb49e,8193db1235a9d0dc24d19dd3b9a4dafccfe62d6667ab5a395f72b30a02339547,unrecorded,0,0,0,0,0,0,0,0,0,0,0,0,0,0,0,0,0,0,0,0,0,359
sparse,natural,512,17,1,359,cost_profile,repair,split,0.049742561,0.013296494042061485,False,2.2835274080000545,1.0977025940001113,7676e7a24b6ccecb0b1ea752f8a5f2ee15ff854a,7a1ae6ef191e553b1057cb81761b7f3a37c38e07d6d10d60b49888ea546c6201,f2738785a1ca0ec3d9cc33c89ef37d33ba4bf636c08a4494eae5a8407efd8430,f9ca07595afdd48c070bd91bb1ec4a4ccf7a81e34dcf2153a099f3c01f5cb49e,8193db1235a9d0dc24d19dd3b9a4dafccfe62d6667ab5a395f72b30a02339547,unrecorded,0,0,0,0,0,0,0,0,0,0,0,0,0,0,0,0,0,0,0,0,0,359
sparse,natural,512,17,1,359,cost_profile,repair,swap,0.049742561,0.007971783967129387,False,2.2835274080000545,1.0977025940001113,7676e7a24b6ccecb0b1ea752f8a5f2ee15ff854a,7a1ae6ef191e553b1057cb81761b7f3a37c38e07d6d10d60b49888ea546c6201,f2738785a1ca0ec3d9cc33c89ef37d33ba4bf636c08a4494eae5a8407efd8430,f9ca07595afdd48c070bd91bb1ec4a4ccf7a81e34dcf2153a099f3c01f5cb49e,8193db1235a9d0dc24d19dd3b9a4dafccfe62d6667ab5a395f72b30a02339547,unrecorded,0,0,0,0,0,0,0,0,0,0,0,0,0,0,0,0,0,0,0,0,0,359
sparse,natural,512,17,1,359,cost_profile,repair,swap2,0.049742561,0.015181248526575986,False,2.2835274080000545,1.0977025940001113,7676e7a24b6ccecb0b1ea752f8a5f2ee15ff854a,7a1ae6ef191e553b1057cb81761b7f3a37c38e07d6d10d60b49888ea546c6201,f2738785a1ca0ec3d9cc33c89ef37d33ba4bf636c08a4494eae5a8407efd8430,f9ca07595afdd48c070bd91bb1ec4a4ccf7a81e34dcf2153a099f3c01f5cb49e,8193db1235a9d0dc24d19dd3b9a4dafccfe62d6667ab5a395f72b30a02339547,unrecorded,0,0,0,0,0,0,0,0,0,0,0,0,0,0,0,0,0,0,0,0,0,359
sparse,natural,512,17,1,359,cost_profile,optimization,combine,0.087238428,0.006446805570757441,True,2.2835274080000545,1.0977025940001113,7676e7a24b6ccecb0b1ea752f8a5f2ee15ff854a,7a1ae6ef191e553b1057cb81761b7f3a37c38e07d6d10d60b49888ea546c6201,f2738785a1ca0ec3d9cc33c89ef37d33ba4bf636c08a4494eae5a8407efd8430,f9ca07595afdd48c070bd91bb1ec4a4ccf7a81e34dcf2153a099f3c01f5cb49e,8193db1235a9d0dc24d19dd3b9a4dafccfe62d6667ab5a395f72b30a02339547,unrecorded,0.00645768,0.0026277310000000003,0.0016227009999999998,2.7539999999999997e-05,0.00011362099999999999,0.0020660870000000003,3,1923,6517,1050,119,119,17,3,0,0,0.00645768,0,0,0,0.0016227009999999998,359
sparse,natural,512,17,1,359,cost_profile,optimization,split,0.087238428,0.015531995755030503,True,2.2835274080000545,1.0977025940001113,7676e7a24b6ccecb0b1ea752f8a5f2ee15ff854a,7a1ae6ef191e553b1057cb81761b7f3a37c38e07d6d10d60b49888ea546c6201,f2738785a1ca0ec3d9cc33c89ef37d33ba4bf636c08a4494eae5a8407efd8430,f9ca07595afdd48c070bd91bb1ec4a4ccf7a81e34dcf2153a099f3c01f5cb49e,8193db1235a9d0dc24d19dd3b9a4dafccfe62d6667ab5a395f72b30a02339547,unrecorded,0.015555214999999999,0.005593030000000001,0.004609637000000001,3.7560000000000006e-05,0.00152572,0.003789268,6,3821,12912,1893,51,51,12,6,0.015555214999999999,0,0,0,0,0,0.004609637000000001,359
sparse,natural,512,17,1,359,cost_profile,optimization,swap,0.087238428,0.006714475304870349,True,2.2835274080000545,1.0977025940001113,7676e7a24b6ccecb0b1ea752f8a5f2ee15ff854a,7a1ae6ef191e553b1057cb81761b7f3a37c38e07d6d10d60b49888ea546c6201,f2738785a1ca0ec3d9cc33c89ef37d33ba4bf636c08a4494eae5a8407efd8430,f9ca07595afdd48c070bd91bb1ec4a4ccf7a81e34dcf2153a099f3c01f5cb49e,8193db1235a9d0dc24d19dd3b9a4dafccfe62d6667ab5a395f72b30a02339547,unrecorded,0.006727362999999999,0.001910784,0.001816882,5.060000000000001e-06,0.00011258199999999999,0.002882055,6,3835,12975,1997,49,49,27,6,0.006727362999999999,0,0,0,0,0,0.001816882,359
sparse,natural,512,17,1,359,cost_profile,optimization,swap2,0.087238428,0.014926203215743616,True,2.2835274080000545,1.0977025940001113,7676e7a24b6ccecb0b1ea752f8a5f2ee15ff854a,7a1ae6ef191e553b1057cb81761b7f3a37c38e07d6d10d60b49888ea546c6201,f2738785a1ca0ec3d9cc33c89ef37d33ba4bf636c08a4494eae5a8407efd8430,f9ca07595afdd48c070bd91bb1ec4a4ccf7a81e34dcf2153a099f3c01f5cb49e,8193db1235a9d0dc24d19dd3b9a4dafccfe62d6667ab5a395f72b30a02339547,unrecorded,0.014948427,0.006849704999999999,0.00468696,5.14e-06,1.3899999999999997e-05,0.003392722,6,3835,12971,5236,19,16,4,6,0.014948427,0,0,0,0,0,0.00468696,359
sparse,natural,512,17,2,359,cost_profile,generation,combine,0.835524524,0.008660883007992504,True,2.3905122630001188,1.111781890000202,7676e7a24b6ccecb0b1ea752f8a5f2ee15ff854a,7a1ae6ef191e553b1057cb81761b7f3a37c38e07d6d10d60b49888ea546c6201,f2738785a1ca0ec3d9cc33c89ef37d33ba4bf636c08a4494eae5a8407efd8430,f9ca07595afdd48c070bd91bb1ec4a4ccf7a81e34dcf2153a099f3c01f5cb49e,8193db1235a9d0dc24d19dd3b9a4dafccfe62d6667ab5a395f72b30a02339547,unrecorded,0.008670089,0.0038214090000000004,0.002274908,2.548e-05,0.00013286100000000001,0.002415431,4,2635,8965,1688,74,74,37,4,0,0,0.008670089,0,0,0,0.002274908,359
sparse,natural,512,17,2,359,cost_profile,generation,split,0.835524524,0.022471535334955467,False,2.3905122630001188,1.111781890000202,7676e7a24b6ccecb0b1ea752f8a5f2ee15ff854a,7a1ae6ef191e553b1057cb81761b7f3a37c38e07d6d10d60b49888ea546c6201,f2738785a1ca0ec3d9cc33c89ef37d33ba4bf636c08a4494eae5a8407efd8430,f9ca07595afdd48c070bd91bb1ec4a4ccf7a81e34dcf2153a099f3c01f5cb49e,8193db1235a9d0dc24d19dd3b9a4dafccfe62d6667ab5a395f72b30a02339547,unrecorded,0,0,0,0,0,0,0,0,0,0,0,0,0,0,0,0,0,0,0,0,0,359
sparse,natural,512,17,2,359,cost_profile,generation,swap,0.835524524,0.06641547936510073,False,2.3905122630001188,1.111781890000202,7676e7a24b6ccecb0b1ea752f8a5f2ee15ff854a,7a1ae6ef191e553b1057cb81761b7f3a37c38e07d6d10d60b49888ea546c6201,f2738785a1ca0ec3d9cc33c89ef37d33ba4bf636c08a4494eae5a8407efd8430,f9ca07595afdd48c070bd91bb1ec4a4ccf7a81e34dcf2153a099f3c01f5cb49e,8193db1235a9d0dc24d19dd3b9a4dafccfe62d6667ab5a395f72b30a02339547,unrecorded,0.057165175000000006,0.016473248,0.029979274000000004,4.3780000000000004e-05,0.0009706519999999999,0.009698221,13,8465,42626,23146,443,443,206,13,0,0.052709438000000004,0.0044557369999999995,0,0,0,0.029979274000000004,359
sparse,natural,512,17,2,359,cost_profile,generation,swap2,0.835524524,0.03619448676783371,False,2.3905122630001188,1.111781890000202,7676e7a24b6ccecb0b1ea752f8a5f2ee15ff854a,7a1ae6ef191e553b1057cb81761b7f3a37c38e07d6d10d60b49888ea546c6201,f2738785a1ca0ec3d9cc33c89ef37d33ba4bf636c08a4494eae5a8407efd8430,f9ca07595afdd48c070bd91bb1ec4a4ccf7a81e34dcf2153a099f3c01f5cb49e,8193db1235a9d0dc24d19dd3b9a4dafccfe62d6667ab5a395f72b30a02339547,unrecorded,0.008298564000000001,0.002865276,0.004018631,1.1059999999999999e-05,4.62e-05,0.001357397,3,1955,6634,3132,83,72,11,3,0,0,0.008298564000000001,0,0,0,0.004018631,359
sparse,natural,512,17,2,359,cost_profile,repair,combine,0.052396314,0,True,2.3905122630001188,1.111781890000202,7676e7a24b6ccecb0b1ea752f8a5f2ee15ff854a,7a1ae6ef191e553b1057cb81761b7f3a37c38e07d6d10d60b49888ea546c6201,f2738785a1ca0ec3d9cc33c89ef37d33ba4bf636c08a4494eae5a8407efd8430,f9ca07595afdd48c070bd91bb1ec4a4ccf7a81e34dcf2153a099f3c01f5cb49e,8193db1235a9d0dc24d19dd3b9a4dafccfe62d6667ab5a395f72b30a02339547,unrecorded,0,0,0,0,0,0,0,0,0,0,0,0,0,0,0,0,0,0,0,0,0,359
sparse,natural,512,17,2,359,cost_profile,repair,split,0.052396314,0.01341781707782122,False,2.3905122630001188,1.111781890000202,7676e7a24b6ccecb0b1ea752f8a5f2ee15ff854a,7a1ae6ef191e553b1057cb81761b7f3a37c38e07d6d10d60b49888ea546c6201,f2738785a1ca0ec3d9cc33c89ef37d33ba4bf636c08a4494eae5a8407efd8430,f9ca07595afdd48c070bd91bb1ec4a4ccf7a81e34dcf2153a099f3c01f5cb49e,8193db1235a9d0dc24d19dd3b9a4dafccfe62d6667ab5a395f72b30a02339547,unrecorded,0,0,0,0,0,0,0,0,0,0,0,0,0,0,0,0,0,0,0,0,0,359
sparse,natural,512,17,2,359,cost_profile,repair,swap,0.052396314,0.007926318067178362,False,2.3905122630001188,1.111781890000202,7676e7a24b6ccecb0b1ea752f8a5f2ee15ff854a,7a1ae6ef191e553b1057cb81761b7f3a37c38e07d6d10d60b49888ea546c6201,f2738785a1ca0ec3d9cc33c89ef37d33ba4bf636c08a4494eae5a8407efd8430,f9ca07595afdd48c070bd91bb1ec4a4ccf7a81e34dcf2153a099f3c01f5cb49e,8193db1235a9d0dc24d19dd3b9a4dafccfe62d6667ab5a395f72b30a02339547,unrecorded,0,0,0,0,0,0,0,0,0,0,0,0,0,0,0,0,0,0,0,0,0,359
sparse,natural,512,17,2,359,cost_profile,repair,swap2,0.052396314,0.015364804907642804,False,2.3905122630001188,1.111781890000202,7676e7a24b6ccecb0b1ea752f8a5f2ee15ff854a,7a1ae6ef191e553b1057cb81761b7f3a37c38e07d6d10d60b49888ea546c6201,f2738785a1ca0ec3d9cc33c89ef37d33ba4bf636c08a4494eae5a8407efd8430,f9ca07595afdd48c070bd91bb1ec4a4ccf7a81e34dcf2153a099f3c01f5cb49e,8193db1235a9d0dc24d19dd3b9a4dafccfe62d6667ab5a395f72b30a02339547,unrecorded,0,0,0,0,0,0,0,0,0,0,0,0,0,0,0,0,0,0,0,0,0,359
sparse,natural,512,17,2,359,cost_profile,optimization,combine,0.103847975,0.006541651261757542,True,2.3905122630001188,1.111781890000202,7676e7a24b6ccecb0b1ea752f8a5f2ee15ff854a,7a1ae6ef191e553b1057cb81761b7f3a37c38e07d6d10d60b49888ea546c6201,f2738785a1ca0ec3d9cc33c89ef37d33ba4bf636c08a4494eae5a8407efd8430,f9ca07595afdd48c070bd91bb1ec4a4ccf7a81e34dcf2153a099f3c01f5cb49e,8193db1235a9d0dc24d19dd3b9a4dafccfe62d6667ab5a395f72b30a02339547,unrecorded,0.006548822,0.0026861330000000003,0.001638621,2.81e-05,0.00011232200000000001,0.0020836459999999998,3,1923,6517,1050,119,119,17,3,0,0,0.006548822,0,0,0,0.001638621,359
sparse,natural,512,17,2,359,cost_profile,optimization,split,0.103847975,0.016784048410138724,True,2.3905122630001188,1.111781890000202,7676e7a24b6ccecb0b1ea752f8a5f2ee15ff854a,7a1ae6ef191e553b1057cb81761b7f3a37c38e07d6d10d60b49888ea546c6201,f2738785a1ca0ec3d9cc33c89ef37d33ba4bf636c08a4494eae5a8407efd8430,f9ca07595afdd48c070bd91bb1ec4a4ccf7a81e34dcf2153a099f3c01f5cb49e,8193db1235a9d0dc24d19dd3b9a4dafccfe62d6667ab5a395f72b30a02339547,unrecorded,0.01679945,0.006043874000000001,0.005242267,3.9479999999999995e-05,0.001554579,0.00391925,6,3821,12912,1893,51,51,12,6,0.01679945,0,0,0,0,0,0.005242267,359
sparse,natural,512,17,2,359,cost_profile,optimization,swap,0.103847975,0.007059182472201386,True,2.3905122630001188,1.111781890000202,7676e7a24b6ccecb0b1ea752f8a5f2ee15ff854a,7a1ae6ef191e553b1057cb81761b7f3a37c38e07d6d10d60b49888ea546c6201,f2738785a1ca0ec3d9cc33c89ef37d33ba4bf636c08a4494eae5a8407efd8430,f9ca07595afdd48c070bd91bb1ec4a4ccf7a81e34dcf2153a099f3c01f5cb49e,8193db1235a9d0dc24d19dd3b9a4dafccfe62d6667ab5a395f72b30a02339547,unrecorded,0.007067688000000001,0.002054746,0.002009587,4.54e-06,0.000112161,0.002886654,6,3835,12975,1997,49,49,27,6,0.007067688000000001,0,0,0,0,0,0.002009587,359
sparse,natural,512,17,2,359,cost_profile,optimization,swap2,0.103847975,0.015671977888770283,True,2.3905122630001188,1.111781890000202,7676e7a24b6ccecb0b1ea752f8a5f2ee15ff854a,7a1ae6ef191e553b1057cb81761b7f3a37c38e07d6d10d60b49888ea546c6201,f2738785a1ca0ec3d9cc33c89ef37d33ba4bf636c08a4494eae5a8407efd8430,f9ca07595afdd48c070bd91bb1ec4a4ccf7a81e34dcf2153a099f3c01f5cb49e,8193db1235a9d0dc24d19dd3b9a4dafccfe62d6667ab5a395f72b30a02339547,unrecorded,0.015687938,0.00720431,0.004807741,6e-06,1.5421e-05,0.003654466,6,3835,12971,5236,19,16,4,6,0.015687938,0,0,0,0,0,0.004807741,359
sparse,natural,512,41,1,436,cost_profile,generation,combine,0.492172062,0,True,2.295849938000174,1.124833118999959,7676e7a24b6ccecb0b1ea752f8a5f2ee15ff854a,7a1ae6ef191e553b1057cb81761b7f3a37c38e07d6d10d60b49888ea546c6201,f2738785a1ca0ec3d9cc33c89ef37d33ba4bf636c08a4494eae5a8407efd8430,f9ca07595afdd48c070bd91bb1ec4a4ccf7a81e34dcf2153a099f3c01f5cb49e,8193db1235a9d0dc24d19dd3b9a4dafccfe62d6667ab5a395f72b30a02339547,unrecorded,0,0,0,0,0,0,0,0,0,0,0,0,0,0,0,0,0,0,0,0,0,436
sparse,natural,512,41,1,436,cost_profile,generation,split,0.492172062,0.03201765877299234,False,2.295849938000174,1.124833118999959,7676e7a24b6ccecb0b1ea752f8a5f2ee15ff854a,7a1ae6ef191e553b1057cb81761b7f3a37c38e07d6d10d60b49888ea546c6201,f2738785a1ca0ec3d9cc33c89ef37d33ba4bf636c08a4494eae5a8407efd8430,f9ca07595afdd48c070bd91bb1ec4a4ccf7a81e34dcf2153a099f3c01f5cb49e,8193db1235a9d0dc24d19dd3b9a4dafccfe62d6667ab5a395f72b30a02339547,unrecorded,0,0,0,0,0,0,0,0,0,0,0,0,0,0,0,0,0,0,0,0,0,436
sparse,natural,512,41,1,436,cost_profile,generation,swap,0.492172062,0.1134638643514363,False,2.295849938000174,1.124833118999959,7676e7a24b6ccecb0b1ea752f8a5f2ee15ff854a,7a1ae6ef191e553b1057cb81761b7f3a37c38e07d6d10d60b49888ea546c6201,f2738785a1ca0ec3d9cc33c89ef37d33ba4bf636c08a4494eae5a8407efd8430,f9ca07595afdd48c070bd91bb1ec4a4ccf7a81e34dcf2153a099f3c01f5cb49e,8193db1235a9d0dc24d19dd3b9a4dafccfe62d6667ab5a395f72b30a02339547,unrecorded,0.07109199699999999,0.019849603,0.039016277,4.104e-05,0.000844849,0.011340228,10,7410,42172,22747,405,405,196,10,0,0.07109199699999999,0,0,0,0,0.039016277,436
sparse,natural,512,41,1,436,cost_profile,generation,swap2,0.492172062,0.023660376568544028,False,2.295849938000174,1.124833118999959,7676e7a24b6ccecb0b1ea752f8a5f2ee15ff854a,7a1ae6ef191e553b1057cb81761b7f3a37c38e07d6d10d60b49888ea546c6201,f2738785a1ca0ec3d9cc33c89ef37d33ba4bf636c08a4494eae5a8407efd8430,f9ca07595afdd48c070bd91bb1ec4a4ccf7a81e34dcf2153a099f3c01f5cb49e,8193db1235a9d0dc24d19dd3b9a4dafccfe62d6667ab5a395f72b30a02339547,unrecorded,0,0,0,0,0,0,0,0,0,0,0,0,0,0,0,0,0,0,0,0,0,436
sparse,natural,512,41,1,436,cost_profile,repair,combine,0.155572465,0,True,2.295849938000174,1.124833118999959,7676e7a24b6ccecb0b1ea752f8a5f2ee15ff854a,7a1ae6ef191e553b1057cb81761b7f3a37c38e07d6d10d60b49888ea546c6201,f2738785a1ca0ec3d9cc33c89ef37d33ba4bf636c08a4494eae5a8407efd8430,f9ca07595afdd48c070bd91bb1ec4a4ccf7a81e34dcf2153a099f3c01f5cb49e,8193db1235a9d0dc24d19dd3b9a4dafccfe62d6667ab5a395f72b30a02339547,unrecorded,0,0,0,0,0,0,0,0,0,0,0,0,0,0,0,0,0,0,0,0,0,436
sparse,natural,512,41,1,436,cost_profile,repair,split,0.155572465,0.037362993623281826,False,2.295849938000174,1.124833118999959,7676e7a24b6ccecb0b1ea752f8a5f2ee15ff854a,7a1ae6ef191e553b1057cb81761b7f3a37c38e07d6d10d60b49888ea546c6201,f2738785a1ca0ec3d9cc33c89ef37d33ba4bf636c08a4494eae5a8407efd8430,f9ca07595afdd48c070bd91bb1ec4a4ccf7a81e34dcf2153a099f3c01f5cb49e,8193db1235a9d0dc24d19dd3b9a4dafccfe62d6667ab5a395f72b30a02339547,unrecorded,0,0,0,0,0,0,0,0,0,0,0,0,0,0,0,0,0,0,0,0,0,436
sparse,natural,512,41,1,436,cost_profile,repair,swap,0.155572465,0.046184391668079305,False,2.295849938000174,1.124833118999959,7676e7a24b6ccecb0b1ea752f8a5f2ee15ff854a,7a1ae6ef191e553b1057cb81761b7f3a37c38e07d6d10d60b49888ea546c6201,f2738785a1ca0ec3d9cc33c89ef37d33ba4bf636c08a4494eae5a8407efd8430,f9ca07595afdd48c070bd91bb1ec4a4ccf7a81e34dcf2153a099f3c01f5cb49e,8193db1235a9d0dc24d19dd3b9a4dafccfe62d6667ab5a395f72b30a02339547,unrecorded,0,0,0,0,0,0,0,0,0,0,0,0,0,0,0,0,0,0,0,0,0,436
sparse,natural,512,41,1,436,cost_profile,repair,swap2,0.155572465,0.048079399803060474,False,2.295849938000174,1.124833118999959,7676e7a24b6ccecb0b1ea752f8a5f2ee15ff854a,7a1ae6ef191e553b1057cb81761b7f3a37c38e07d6d10d60b49888ea546c6201,f2738785a1ca0ec3d9cc33c89ef37d33ba4bf636c08a4494eae5a8407efd8430,f9ca07595afdd48c070bd91bb1ec4a4ccf7a81e34dcf2153a099f3c01f5cb49e,8193db1235a9d0dc24d19dd3b9a4dafccfe62d6667ab5a395f72b30a02339547,unrecorded,0,0,0,0,0,0,0,0,0,0,0,0,0,0,0,0,0,0,0,0,0,436
sparse,natural,512,41,1,436,cost_profile,optimization,combine,0.32618512,0.02234775618414725,True,2.295849938000174,1.124833118999959,7676e7a24b6ccecb0b1ea752f8a5f2ee15ff854a,7a1ae6ef191e553b1057cb81761b7f3a37c38e07d6d10d60b49888ea546c6201,f2738785a1ca0ec3d9cc33c89ef37d33ba4bf636c08a4494eae5a8407efd8430,f9ca07595afdd48c070bd91bb1ec4a4ccf7a81e34dcf2153a099f3c01f5cb49e,8193db1235a9d0dc24d19dd3b9a4dafccfe62d6667ab5a395f72b30a02339547,unrecorded,0.022372711,0.004220867,0.014591745,7.19e-05,0.000910891,0.002577308,3,2357,8192,12226,476,476,108,3,0,0,0.022372711,0,0,0,0.014591745,436
sparse,natural,512,41,1,436,cost_profile,optimization,split,0.32618512,0.15246392184728605,True,2.295849938000174,1.124833118999959,7676e7a24b6ccecb0b1ea752f8a5f2ee15ff854a,7a1ae6ef191e553b1057cb81761b7f3a37c38e07d6d10d60b49888ea546c6201,f2738785a1ca0ec3d9cc33c89ef37d33ba4bf636c08a4494eae5a8407efd8430,f9ca07595afdd48c070bd91bb1ec4a4ccf7a81e34dcf2153a099f3c01f5cb49e,8193db1235a9d0dc24d19dd3b9a4dafccfe62d6667ab5a395f72b30a02339547,unrecorded,0.152609891,0.009350305,0.120183708,0.00010158,0.017382116,0.005592182,6,4516,15448,23318,622,622,106,6,0.152609891,0,0,0,0,0,0.120183708,436
sparse,natural,512,41,1,436,cost_profile,optimization,swap,0.32618512,0.03410377225507377,True,2.295849938000174,1.124833118999959,7676e7a24b6ccecb0b1ea752f8a5f2ee15ff854a,7a1ae6ef191e553b1057cb81761b7f3a37c38e07d6d10d60b49888ea546c6201,f2738785a1ca0ec3d9cc33c89ef37d33ba4bf636c08a4494eae5a8407efd8430,f9ca07595afdd48c070bd91bb1ec4a4ccf7a81e34dcf2153a099f3c01f5cb49e,8193db1235a9d0dc24d19dd3b9a4dafccfe62d6667ab5a395f72b30a02339547,unrecorded,0.034140663,0.008948320999999999,0.01974574,7.0081e-05,0.0013982359999999997,0.003978285,6,4630,15983,23967,741,741,284,6,0.034140663,0,0,0,0,0,0.01974574,436
sparse,natural,512,41,1,436,cost_profile,optimization,swap2,0.32618512,0.034178404048404776,True,2.295849938000174,1.124833118999959,7676e7a24b6ccecb0b1ea752f8a5f2ee15ff854a,7a1ae6ef191e553b1057cb81761b7f3a37c38e07d6d10d60b49888ea546c6201,f2738785a1ca0ec3d9cc33c89ef37d33ba4bf636c08a4494eae5a8407efd8430,f9ca07595afdd48c070bd91bb1ec4a4ccf7a81e34dcf2153a099f3c01f5cb49e,8193db1235a9d0dc24d19dd3b9a4dafccfe62d6667ab5a395f72b30a02339547,unrecorded,0.034215264,0.007916308,0.021595303,8.1421e-05,0.00018118,0.004441052,6,4630,15934,63736,252,199,50,6,0.034215264,0,0,0,0,0,0.021595303,436
sparse,natural,512,41,2,436,cost_profile,generation,combine,0.465136705,0,True,2.446512557999995,1.007535993999909,7676e7a24b6ccecb0b1ea752f8a5f2ee15ff854a,7a1ae6ef191e553b1057cb81761b7f3a37c38e07d6d10d60b49888ea546c6201,f2738785a1ca0ec3d9cc33c89ef37d33ba4bf636c08a4494eae5a8407efd8430,f9ca07595afdd48c070bd91bb1ec4a4ccf7a81e34dcf2153a099f3c01f5cb49e,8193db1235a9d0dc24d19dd3b9a4dafccfe62d6667ab5a395f72b30a02339547,unrecorded,0,0,0,0,0,0,0,0,0,0,0,0,0,0,0,0,0,0,0,0,0,436
sparse,natural,512,41,2,436,cost_profile,generation,split,0.465136705,0.031062599068575253,False,2.446512557999995,1.007535993999909,7676e7a24b6ccecb0b1ea752f8a5f2ee15ff854a,7a1ae6ef191e553b1057cb81761b7f3a37c38e07d6d10d60b49888ea546c6201,f2738785a1ca0ec3d9cc33c89ef37d33ba4bf636c08a4494eae5a8407efd8430,f9ca07595afdd48c070bd91bb1ec4a4ccf7a81e34dcf2153a099f3c01f5cb49e,8193db1235a9d0dc24d19dd3b9a4dafccfe62d6667ab5a395f72b30a02339547,unrecorded,0,0,0,0,0,0,0,0,0,0,0,0,0,0,0,0,0,0,0,0,0,436
sparse,natural,512,41,2,436,cost_profile,generation,swap,0.465136705,0.0971215399275257,False,2.446512557999995,1.007535993999909,7676e7a24b6ccecb0b1ea752f8a5f2ee15ff854a,7a1ae6ef191e553b1057cb81761b7f3a37c38e07d6d10d60b49888ea546c6201,f2738785a1ca0ec3d9cc33c89ef37d33ba4bf636c08a4494eae5a8407efd8430,f9ca07595afdd48c070bd91bb1ec4a4ccf7a81e34dcf2153a099f3c01f5cb49e,8193db1235a9d0dc24d19dd3b9a4dafccfe62d6667ab5a395f72b30a02339547,unrecorded,0.05714014,0.016920709000000003,0.029315868999999998,4.1221000000000004e-05,0.00081533,0.010047010999999998,10,7410,42172,22747,405,405,196,10,0,0.05714014,0,0,0,0,0.029315868999999998,436
sparse,natural,512,41,2,436,cost_profile,generation,swap2,0.465136705,0.02334053321241064,False,2.446512557999995,1.007535993999909,7676e7a24b6ccecb0b1ea752f8a5f2ee15ff854a,7a1ae6ef191e553b1057cb81761b7f3a37c38e07d6d10d60b49888ea546c6201,f2738785a1ca0ec3d9cc33c89ef37d33ba4bf636c08a4494eae5a8407efd8430,f9ca07595afdd48c070bd91bb1ec4a4ccf7a81e34dcf2153a099f3c01f5cb49e,8193db1235a9d0dc24d19dd3b9a4dafccfe62d6667ab5a395f72b30a02339547,unrecorded,0,0,0,0,0,0,0,0,0,0,0,0,0,0,0,0,0,0,0,0,0,436
sparse,natural,512,41,2,436,cost_profile,repair,combine,0.103766702,0,True,2.446512557999995,1.007535993999909,7676e7a24b6ccecb0b1ea752f8a5f2ee15ff854a,7a1ae6ef191e553b1057cb81761b7f3a37c38e07d6d10d60b49888ea546c6201,f2738785a1ca0ec3d9cc33c89ef37d33ba4bf636c08a4494eae5a8407efd8430,f9ca07595afdd48c070bd91bb1ec4a4ccf7a81e34dcf2153a099f3c01f5cb49e,8193db1235a9d0dc24d19dd3b9a4dafccfe62d6667ab5a395f72b30a02339547,unrecorded,0,0,0,0,0,0,0,0,0,0,0,0,0,0,0,0,0,0,0,0,0,436
sparse,natural,512,41,2,436,cost_profile,repair,split,0.103766702,0.026160458214703308,False,2.446512557999995,1.007535993999909,7676e7a24b6ccecb0b1ea752f8a5f2ee15ff854a,7a1ae6ef191e553b1057cb81761b7f3a37c38e07d6d10d60b49888ea546c6201,f2738785a1ca0ec3d9cc33c89ef37d33ba4bf636c08a4494eae5a8407efd8430,f9ca07595afdd48c070bd91bb1ec4a4ccf7a81e34dcf2153a099f3c01f5cb49e,8193db1235a9d0dc24d19dd3b9a4dafccfe62d6667ab5a395f72b30a02339547,unrecorded,0,0,0,0,0,0,0,0,0,0,0,0,0,0,0,0,0,0,0,0,0,436
sparse,natural,512,41,2,436,cost_profile,repair,swap,0.103766702,0.03384297681739368,False,2.446512557999995,1.007535993999909,7676e7a24b6ccecb0b1ea752f8a5f2ee15ff854a,7a1ae6ef191e553b1057cb81761b7f3a37c38e07d6d10d60b49888ea546c6201,f2738785a1ca0ec3d9cc33c89ef37d33ba4bf636c08a4494eae5a8407efd8430,f9ca07595afdd48c070bd91bb1ec4a4ccf7a81e34dcf2153a099f3c01f5cb49e,8193db1235a9d0dc24d19dd3b9a4dafccfe62d6667ab5a395f72b30a02339547,unrecorded,0,0,0,0,0,0,0,0,0,0,0,0,0,0,0,0,0,0,0,0,0,436
sparse,natural,512,41,2,436,cost_profile,repair,swap2,0.103766702,0.020936144131667833,False,2.446512557999995,1.007535993999909,7676e7a24b6ccecb0b1ea752f8a5f2ee15ff854a,7a1ae6ef191e553b1057cb81761b7f3a37c38e07d6d10d60b49888ea546c6201,f2738785a1ca0ec3d9cc33c89ef37d33ba4bf636c08a4494eae5a8407efd8430,f9ca07595afdd48c070bd91bb1ec4a4ccf7a81e34dcf2153a099f3c01f5cb49e,8193db1235a9d0dc24d19dd3b9a4dafccfe62d6667ab5a395f72b30a02339547,unrecorded,0,0,0,0,0,0,0,0,0,0,0,0,0,0,0,0,0,0,0,0,0,436
sparse,natural,512,41,2,436,cost_profile,optimization,combine,0.294797999,0.022462480271322638,True,2.446512557999995,1.007535993999909,7676e7a24b6ccecb0b1ea752f8a5f2ee15ff854a,7a1ae6ef191e553b1057cb81761b7f3a37c38e07d6d10d60b49888ea546c6201,f2738785a1ca0ec3d9cc33c89ef37d33ba4bf636c08a4494eae5a8407efd8430,f9ca07595afdd48c070bd91bb1ec4a4ccf7a81e34dcf2153a099f3c01f5cb49e,8193db1235a9d0dc24d19dd3b9a4dafccfe62d6667ab5a395f72b30a02339547,unrecorded,0.022485391000000004,0.004206807,0.014598302,6.9561e-05,0.0009484309999999999,0.0026622900000000003,3,2357,8192,12226,476,476,108,3,0,0,0.022485391000000004,0,0,0,0.014598302,436
sparse,natural,512,41,2,436,cost_profile,optimization,split,0.294797999,0.1431276652274862,True,2.446512557999995,1.007535993999909,7676e7a24b6ccecb0b1ea752f8a5f2ee15ff854a,7a1ae6ef191e553b1057cb81761b7f3a37c38e07d6d10d60b49888ea546c6201,f2738785a1ca0ec3d9cc33c89ef37d33ba4bf636c08a4494eae5a8407efd8430,f9ca07595afdd48c070bd91bb1ec4a4ccf7a81e34dcf2153a099f3c01f5cb49e,8193db1235a9d0dc24d19dd3b9a4dafccfe62d6667ab5a395f72b30a02339547,unrecorded,0.14325148199999999,0.008718376,0.111232926,0.000105161,0.017371754,0.005823264999999999,6,4516,15448,23318,622,622,106,6,0.14325148199999999,0,0,0,0,0,0.111232926,436
sparse,natural,512,41,2,436,cost_profile,optimization,swap,0.294797999,0.03368550720780372,True,2.446512557999995,1.007535993999909,7676e7a24b6ccecb0b1ea752f8a5f2ee15ff854a,7a1ae6ef191e553b1057cb81761b7f3a37c38e07d6d10d60b49888ea546c6201,f2738785a1ca0ec3d9cc33c89ef37d33ba4bf636c08a4494eae5a8407efd8430,f9ca07595afdd48c070bd91bb1ec4a4ccf7a81e34dcf2153a099f3c01f5cb49e,8193db1235a9d0dc24d19dd3b9a4dafccfe62d6667ab5a395f72b30a02339547,unrecorded,0.033719796999999996,0.008702256,0.019462238,7.0623e-05,0.0014360349999999998,0.004048645,6,4630,15983,23967,741,741,284,6,0.033719796999999996,0,0,0,0,0,0.019462238,436
sparse,natural,512,41,2,436,cost_profile,optimization,swap2,0.294797999,0.030974591941591245,True,2.446512557999995,1.007535993999909,7676e7a24b6ccecb0b1ea752f8a5f2ee15ff854a,7a1ae6ef191e553b1057cb81761b7f3a37c38e07d6d10d60b49888ea546c6201,f2738785a1ca0ec3d9cc33c89ef37d33ba4bf636c08a4494eae5a8407efd8430,f9ca07595afdd48c070bd91bb1ec4a4ccf7a81e34dcf2153a099f3c01f5cb49e,8193db1235a9d0dc24d19dd3b9a4dafccfe62d6667ab5a395f72b30a02339547,unrecorded,0.031005026999999998,0.007869028,0.018413387,9.448099999999999e-05,0.000182742,0.004445389,6,4630,15934,63736,252,199,50,6,0.031005026999999998,0,0,0,0,0,0.018413387,436
