ranks,seed,repeat,baseline_core_seconds,diagnostic_core_seconds,core_delta_pct,baseline_compute_seconds,diagnostic_compute_seconds,compute_delta_pct,baseline_slowest_rank,diagnostic_slowest_rank,planned_repeats,complete_repeats,cost_coverage_complete
128,-1,1,3.66913172999989,3.637311744000044,-0.8672347667344926,2.714058996000176,2.68525230299997,-1.0613878711796532,19,19,3,False,False
128,17,1,3.783584192999797,3.971632753999984,4.97011699509966,2.734463780000624,2.9601835080002274,8.254624897593343,3,3,3,False,False
128,41,1,3.763172811000004,3.8710766149999927,2.8673624470441084,2.664924398999574,2.700410300000158,1.3315912831863175,62,92,3,False,False
256,-1,1,2.830619138999964,2.806005493000157,-0.8695499037889909,1.8050266269997337,1.7174116999997295,-4.853940971809112,155,155,3,False,False
256,-1,2,2.8057720110000446,2.7462458480001715,-2.121560938183875,1.787861421000116,1.7049862660001054,-4.635435052547354,155,155,3,False,False
256,17,1,2.496912842000029,2.7073613099998965,8.428346575016942,1.5694941209997069,1.5478784070003258,-1.3772408389534307,222,222,3,False,False
256,41,1,3.082755661999954,3.1475848369998403,2.1029618337584433,1.9469424680003158,1.9715718219997598,1.2650273135569545,170,170,3,False,False
256,41,2,3.0740377380000155,2.9803067660000124,-3.049115853111972,1.9841002740006388,1.9292641460003779,-2.7637780569271464,170,170,3,False,False
512,-1,1,2.37790948199995,2.1948669149999205,-7.697625514579343,1.006669164999721,0.9888955630001419,-1.7655852207993372,454,454,3,False,False
512,-1,2,2.429653726999959,2.389915998000106,-1.6355305514633822,1.0021064510001452,1.0140753689997837,1.1943759056428638,454,454,3,False,False
512,17,1,2.5030415630001244,2.302889501999971,-7.996353874374062,1.0982415599999058,1.0977025940001113,-0.04907536005053226,359,359,3,False,False
512,17,2,2.41149043900009,2.407945874999996,-0.1469864421923317,1.1240689439998732,1.111781890000202,-1.09308722256386,359,359,3,False,False
512,41,1,2.332190824999998,2.295849938000174,-1.5582295672492363,1.0725899330000175,1.124833118999959,4.870751103715665,436,436,3,False,False
512,41,2,2.509559104000118,2.5105569610000202,0.039762243428009825,1.0949511940002594,1.0383377700002256,-5.170406161502427,436,427,3,False,False
