ranks,seed,repeat,baseline_core_seconds,diagnostic_core_seconds,paired_reduction_pct,baseline_compute_seconds,diagnostic_compute_seconds,baseline_slowest_rank,diagnostic_slowest_rank
128,-1,1,3.925494379,3.7763465100000033,3.7994671396776036,2.6659597540000277,2.7158252010000083,19,19
128,-1,2,4.066676119999983,3.774117591999982,7.194045440727203,2.6879307410000024,2.6877898539999876,19,19
128,-1,3,4.047764718999986,4.073593227999993,-0.6380931401168022,2.683328644000028,2.70380814899994,19,19
128,17,1,3.8025854320000008,4.162718669000242,-9.470746770594607,2.7749518289999884,2.781936613999278,3,3
128,17,2,4.091848583000001,3.843581599999993,6.067355083261338,2.77122749199998,2.825483313000035,58,3
128,17,3,4.206229039999982,4.028859951000015,4.216819562445129,2.7431145720000814,2.8066322259999765,3,3
128,41,1,3.6217104360000008,3.742029578999997,-3.322163522627797,2.6327114159999923,2.6891388769999978,62,92
128,41,2,3.64718517,4.658949312999994,-27.740959009218425,2.685318312000021,2.6839290160000076,62,62
128,41,3,3.6929331100000127,3.71235515799998,-0.5259247167887837,2.660685841999964,2.7355834489998756,62,47
256,-1,1,2.849370537999995,2.6975036930002716,5.329838396740094,1.715489674000004,1.757256970999606,155,155
256,-1,2,2.8706325710000016,2.7927743340000006,2.7122327596554308,1.7559590520000228,1.7213808480000239,155,155
256,-1,3,2.722958951999999,2.7799028489999955,-2.0912506579715995,1.7642719070000794,1.725857067999982,155,155
256,17,1,2.581865781000033,2.620766388999982,-1.506685912421113,1.5542686250005318,1.534078933001183,222,222
256,17,2,2.68085868,2.727092448999997,-1.7245880711622252,1.571457656000021,1.5673040990000686,222,222
256,17,3,2.4710037720000173,2.6372239450000166,-6.726827975072713,1.508362469000076,1.562073869000045,222,222
256,41,1,3.030503223,3.567076002000249,-17.705732002788533,1.8987865679999985,2.1342195649999667,170,170
256,41,2,3.028961723000002,3.1408479609999915,-3.6938808817027047,1.9991715910000138,1.9218967959999986,170,170
256,41,3,2.9328182959999936,3.089768016999983,-5.3514982913891895,1.971215857000118,2.0159258760000114,170,170
512,-1,3,2.1984198609999908,2.117869746999986,3.664000468198325,1.0319216680000238,0.9605862110000203,454,454
512,17,1,2.3410613859996374,2.3262590510003065,0.6322916215633634,1.107905865000248,1.1527214889997595,359,359
512,17,2,2.6014241999999967,2.435933797000004,6.361530849139974,1.0716067879999969,1.1399687760000177,359,359
512,17,3,2.239949432000003,2.4532627430000105,-9.52313065431769,1.0996091859999524,1.1513927599999931,359,359
512,41,1,2.420585550999931,2.3536629729997003,2.7647268229204047,1.0645729369998662,1.0792170499994427,436,427
512,41,2,2.5102442300000014,2.653917438999997,-5.72347532096491,1.062570841000003,1.118977534999999,436,436
