ranks,seed,rank,queries,hits,control_match,candidate_match,paired_match_reduction_pct,control_front,candidate_front,control_compute,candidate_compute
128,-1,7,64994,0,0.20391611999999965,0.20772371800000095,-1.9839023703494219,0.239060404,0.243710497,2.0645520469993244,2.1282245019999664
128,17,3,28073,0,0.08499118899999993,0.08605268099999995,-1.248943581669426,0.095784807,0.096971,2.1307586570003423,2.157287528000097
128,41,62,82055,0,0.2510043959999998,0.2585537070000003,-3.007640949842383,0.290557729,0.301539607,2.1235625870001513,2.14319917600028
256,-1,155,148165,3,0.48603997300000057,0.49318542400000015,-1.4701364901934966,0.537725237,0.545459694,1.5817727400001331,1.5878607900003772
256,17,222,67896,0,0.19819179499999956,0.2010621159999993,-1.7009252688813703,0.220701136,0.223728438,1.2935804720000306,1.2776860379999562
256,41,170,189784,0,0.6866212890000014,0.6948192609999988,-1.3056841893461346,0.749008906,0.7561950150000001,1.8050446819997887,1.7560358430002907
512,-1,323,60901,0,0.23831019799999986,0.2404053579999996,-0.5144190262471593,0.257116894,0.259816031,0.8293344879996312,0.8005061619996923
512,17,359,127262,0,0.48435093300000076,0.489343047999999,-0.7941528427575228,0.5236105440000001,0.527520931,1.0290883199995733,1.0546403759997247
512,41,141,101152,0,0.4042466910000005,0.4106507979999998,-1.6876426260882038,0.43464446100000004,0.441449607,0.8823136820001309,0.8803388200001336
