ranks,seed,fixed_rank,route,compute_seconds,generation_legal_seconds,repair_split_calls,repair_applied,generation_seconds,repair_seconds,optimization_seconds
128,-1,19,repair_fixed_profile,2.6915957800006254,0.41295224500000005,10,0,1.188763262,0.383611428,0.697758811
128,-1,19,repair_fixed,2.0973725250000825,0.130057497,1,0,0.878037398,0.075347145,0.698584996
128,17,58,repair_fixed_profile,2.7644943189993683,0.45372073199999996,10,0,1.248009244,0.391880838,0.691373368
128,17,58,repair_fixed,2.1002566089996435,0.162963301,1,0,0.941971164,0.054583916,0.679371897
128,41,62,repair_fixed_profile,2.6545820520000234,0.357339291,10,0,1.280317237,0.364101581,0.607895979
128,41,62,repair_fixed,2.0958438849997947,0.121693893,1,0,1.053190392,0.065027984,0.598606178
256,-1,155,repair_fixed_profile,1.6959441210005934,0.070381875,10,0,1.144310556,0.101029706,0.213733462
256,-1,155,repair_fixed,1.5738139250006498,0.015374576000000001,1,0,1.089999382,0.022162122,0.220553129
256,17,222,repair_fixed_profile,1.5818851200001518,0.0463137,10,0,0.563650274,0.188641809,0.602078429
256,17,222,repair_fixed,1.4207498420005322,0.049524563,1,0,0.568197207,0.02911021,0.600567009
256,41,170,repair_fixed_profile,1.9781049489997713,0.070901466,10,0,1.403627407,0.106393422,0.219400893
256,41,170,repair_fixed,1.764180505999775,0.014396913,1,0,1.277833356,0.03838907,0.232791773
512,-1,454,repair_fixed_profile,1.0179158539999662,0.109822991,10,0,0.493583734,0.096530953,0.317431644
512,-1,454,repair_fixed,0.8874174299994593,0.028502042,1,0,0.411340404,0.03263561,0.31758148
512,17,359,repair_fixed_profile,1.097136624000541,0.046942846999999996,10,0,0.83878262,0.059135121,0.085873651
512,17,359,repair_fixed,1.0422737089998009,0.007527222,1,0,0.807175237,0.024561287,0.091391312
512,41,427,repair_fixed_profile,1.023882034000053,0.090529915,10,0,0.474534017,0.094992756,0.332796791
512,41,427,repair_fixed,0.8650675740002498,0.030699723999999998,1,0,0.395493501,0.019480805,0.316333778
