ranks,seed,repeat,fixed_rank,phase,fixed_compute_seconds,phase_seconds,final_illegal,total_seconds,prepare_seconds,evaluate_seconds,order_seconds,commit_seconds,cleanup_seconds,calls,candidates,applied
128,-1,1,19,generation,2.7158252010000083,1.158704828,215,0.6082257289999999,0.26089038800000003,0.193671348,0.000252081,0.003550463,0.149861449,49,1198,564
128,-1,1,19,repair,2.7158252010000083,0.399594999,215,0.34744965999999994,0.169155685,0.089394531,0.00010608099999999999,1.188e-05,0.088781483,30,0,0
128,-1,1,19,optimization,2.7158252010000083,0.727626604,215,0.502778996,0.12058775199999999,0.29489751799999997,0.000542728,0.015939575,0.07081142300000001,21,3530,1245
128,-1,2,19,generation,2.6877898539999876,1.180821134,215,0.6290775839999999,0.268096371,0.20702849600000003,0.00024832099999999997,0.0035952430000000006,0.15010915300000002,49,1198,564
128,-1,2,19,repair,2.6877898539999876,0.36865665,215,0.323160549,0.15276298500000002,0.083614129,0.00010754399999999999,1.1581e-05,0.08666431,30,0,0
128,-1,2,19,optimization,2.6877898539999876,0.711419101,215,0.498809059,0.12130782,0.283976124,0.0005560060000000001,0.016240099,0.07672901,21,3530,1245
128,-1,3,19,generation,2.70380814899994,1.165792329,215,0.6165575110000001,0.26315880599999997,0.20000935299999997,0.0002572210000000001,0.003602222000000001,0.14952990900000002,49,1198,564
128,-1,3,19,repair,2.70380814899994,0.388879939,215,0.340215001,0.167416829,0.085925595,0.000109724,9.98e-06,0.08675287300000001,30,0,0
128,-1,3,19,optimization,2.70380814899994,0.721182341,215,0.500797681,0.125953431,0.287899732,0.00059541,0.015980015,0.07036909300000001,21,3530,1245
128,17,1,3,generation,2.781936613999278,1.355877518,268,0.789555279,0.327537184,0.26616405699999995,0.0004033439999999999,0.005238605000000001,0.19021208899999997,58,1546,749
128,17,1,3,repair,2.781936613999278,0.409551367,268,0.352963752,0.16522362999999998,0.092513924,0.000123084,1.2499999999999999e-05,0.09509061399999999,30,0,0
128,17,1,3,optimization,2.781936613999278,0.5699186,268,0.37133937,0.08018407899999999,0.225237064,0.000400086,0.012779691999999999,0.052738449,15,2915,1177
128,17,2,3,generation,2.825483313000035,1.3778116,268,0.799092373,0.32888862299999994,0.281579865,0.00040190399999999997,0.005267058000000002,0.182954923,58,1546,749
128,17,2,3,repair,2.825483313000035,0.409276363,268,0.358382214,0.17154606400000003,0.09340605799999999,0.00011128100000000001,1.2080000000000001e-05,0.09330673099999999,30,0,0
128,17,2,3,optimization,2.825483313000035,0.591516838,268,0.375523721,0.091267309,0.21855335,0.000387163,0.013126456,0.052189443,15,2915,1177
128,17,3,3,generation,2.8066322259999765,1.37526429,268,0.802311592,0.32696702299999997,0.27540298999999996,0.00039662300000000003,0.0053891410000000035,0.194155815,58,1546,749
128,17,3,3,repair,2.8066322259999765,0.398619076,268,0.35449728700000005,0.163938895,0.095054719,0.00011592,1.1999999999999999e-05,0.09537575300000001,30,0,0
128,17,3,3,optimization,2.8066322259999765,0.588899407,268,0.376897657,0.08236292299999999,0.229439039,0.000407565,0.012943992999999999,0.051744137,15,2915,1177
128,41,1,62,generation,2.6537360670000005,1.282498939,274,0.5592369450000001,0.22228440599999996,0.19533237399999998,0.00028644200000000003,0.0044872490000000004,0.136846474,46,1468,679
128,41,1,62,repair,2.6537360670000005,0.374897972,274,0.328387082,0.136931354,0.10525737,0.00011456100000000002,1.3041000000000001e-05,0.086070756,30,0,0
128,41,1,62,optimization,2.6537360670000005,0.590476125,274,0.402254669,0.08416649899999999,0.237710835,0.000607125,0.021110630999999998,0.058659579,18,3524,1334
128,41,2,62,generation,2.6839290160000076,1.301647708,274,0.590407106,0.22965840199999998,0.21711011000000005,0.000279543,0.004529472000000002,0.138829579,46,1468,679
128,41,2,62,repair,2.6839290160000076,0.374464047,274,0.324667422,0.141655267,0.089835198,0.00012110200000000001,1.306e-05,0.09304279500000001,30,0,0
128,41,2,62,optimization,2.6839290160000076,0.602552256,274,0.404668195,0.085974839,0.237628015,0.0005249440000000001,0.021260611999999998,0.059279785,18,3524,1334
128,41,3,62,generation,2.724906639999972,1.316058296,274,0.6036186689999999,0.23526918300000002,0.222444419,0.000288605,0.004493367000000002,0.141123095,46,1468,679
128,41,3,62,repair,2.724906639999972,0.364366964,274,0.30927354399999996,0.14029968999999998,0.082786017,0.000109963,1.292e-05,0.086064954,30,0,0
128,41,3,62,optimization,2.724906639999972,0.638165381,274,0.440725192,0.09580582,0.262297294,0.000539647,0.021300231,0.060782199999999995,18,3524,1334
256,-1,1,155,generation,1.757256970999606,1.156786798,176,0.21781736900000004,0.086869889,0.060451057999999995,0.00019210600000000002,0.0014537370000000003,0.068850579,50,665,274
256,-1,1,155,repair,1.757256970999606,0.102637375,176,0.079728343,0.040016391000000005,0.0019881480000000003,7.981999999999999e-05,1.1940000000000001e-05,0.037632044,30,0,0
256,-1,1,155,optimization,1.757256970999606,0.260085692,176,0.115928503,0.037378677,0.034185776,0.000120583,0.0034571640000000004,0.040786302999999996,21,357,109
256,-1,2,155,generation,1.7213808480000239,1.155445341,176,0.21698434,0.086174844,0.059537324,0.000186221,0.0014497980000000004,0.06963615299999999,50,665,274
256,-1,2,155,repair,1.7213808480000239,0.104876963,176,0.079532518,0.040271295,0.001947845,6.8261e-05,1.22e-05,0.037232917000000004,30,0,0
256,-1,2,155,optimization,1.7213808480000239,0.221223574,176,0.10510994700000001,0.035972444,0.025944670000000003,0.000122001,0.0035139649999999995,0.039556866999999996,21,357,109
256,-1,3,155,generation,1.725857067999982,1.161993425,176,0.227319453,0.08725568,0.067340041,0.000179303,0.001779965000000001,0.070764464,50,665,274
256,-1,3,155,repair,1.725857067999982,0.103484725,176,0.080591713,0.040099295,0.001937064,7.8762e-05,1.774e-05,0.038458852,30,0,0
256,-1,3,155,optimization,1.725857067999982,0.21780149,176,0.106419403,0.036628028,0.026362299000000002,0.00010966200000000001,0.0035245879999999995,0.039794826,21,357,109
256,17,1,222,generation,1.534078933001183,0.538557144,133,0.126875972,0.047130973,0.04925876800000001,6.278e-05,0.0008608099999999999,0.029562641000000008,19,338,182
256,17,1,222,repair,1.534078933001183,0.181097643,133,0.15113907799999998,0.071691271,0.041033890999999996,8.648300000000002e-05,9.820000000000001e-06,0.038317613,30,0,0
256,17,1,222,optimization,1.534078933001183,0.593873251,133,0.44937350200000004,0.05436555,0.342030992,0.000503809,0.021122766,0.031350385,21,3141,861
256,17,2,222,generation,1.5673040990000686,0.560803388,133,0.144212897,0.050938963000000004,0.059970464,5.9621e-05,0.0008918709999999998,0.032351977999999997,19,338,182
256,17,2,222,repair,1.5673040990000686,0.19070944,133,0.16295688800000002,0.081464576,0.042703173,8.691999999999999e-05,1.0879999999999997e-05,0.038691339,30,0,0
256,17,2,222,optimization,1.5673040990000686,0.594638863,133,0.45421885900000003,0.05480366,0.346316206,0.000513866,0.021365587999999998,0.031219538999999998,21,3141,861
256,17,3,222,generation,1.562073869000045,0.544007803,133,0.133693636,0.048782997,0.05252552600000001,7.26e-05,0.0008704119999999999,0.031442101,19,338,182
256,17,3,222,repair,1.562073869000045,0.186764347,133,0.15234303999999999,0.071896302,0.041712742,8.6922e-05,8.979999999999999e-06,0.038638094,30,0,0
256,17,3,222,optimization,1.562073869000045,0.609406681,133,0.460057735,0.055566986,0.35078035,0.000522207,0.021393928000000003,0.031794264,21,3141,861
256,41,1,170,generation,2.1342195649999667,1.549834579,249,0.21850426,0.096736132,0.052638709000000006,0.000173824,0.0016561400000000002,0.06729945500000001,50,862,350
256,41,1,170,repair,2.1342195649999667,0.125648082,249,0.094751372,0.04324716,0.003275607,6.034e-05,9.72e-06,0.048158545,30,0,0
256,41,1,170,optimization,2.1342195649999667,0.222674803,249,0.10751429500000001,0.033270043,0.03753244,0.000150782,0.006037642000000001,0.030523388,21,671,175
256,41,2,170,generation,1.9218967959999986,1.366385438,249,0.208933077,0.089960602,0.04928690699999999,0.000215301,0.0017037430000000004,0.067766524,50,862,350
256,41,2,170,repair,1.9218967959999986,0.102065267,249,0.08174527399999999,0.040515463,0.002674774,6.607999999999999e-05,1.128e-05,0.038477677,30,0,0
256,41,2,170,optimization,1.9218967959999986,0.217515293,249,0.109199663,0.034428964000000006,0.036750791,0.000153142,0.006052197,0.031814569,21,671,175
256,41,3,170,generation,2.0159258760000114,1.380588168,249,0.214289812,0.083271294,0.059872345000000014,0.00018926300000000003,0.0017338440000000002,0.069223066,50,862,350
256,41,3,170,repair,2.0159258760000114,0.11196778,249,0.07754565400000002,0.03753758,0.002391413,6.4702e-05,1.01e-05,0.037541859000000004,30,0,0
256,41,3,170,optimization,2.0159258760000114,0.284956816,249,0.151393829,0.054503729,0.055452142999999995,0.00016050199999999998,0.006065083000000001,0.035212372,21,671,175
512,-1,3,454,generation,0.9605862110000203,0.458339371,98,0.145277129,0.06145932099999999,0.05094765400000001,0.00012800099999999998,0.0007419699999999996,0.032000182999999995,46,360,171
512,-1,3,454,repair,0.9605862110000203,0.082636594,98,0.071909101,0.036003011,0.019075828,6.83e-05,1.0120000000000001e-05,0.016751842,30,0,0
512,-1,3,454,optimization,0.9605862110000203,0.29862573,98,0.225757974,0.027139084,0.170400532,0.000246844,0.013835205,0.014136309,21,1554,495
512,17,1,359,generation,1.1527214889997595,0.859096798,135,0.124046137,0.046704013,0.04625054900000001,0.000151021,0.0011616509999999997,0.029778903,53,601,255
512,17,1,359,repair,1.1527214889997595,0.05856958,135,0.036927944000000004,0.020095963999999997,0.0018121970000000002,5.9241e-05,1.1040999999999998e-05,0.014949500999999999,30,0,0
512,17,1,359,optimization,1.1527214889997595,0.117174082,135,0.055942093,0.017851693,0.014807805,8.34e-05,0.010278793000000003,0.012920402000000001,21,238,60
512,17,2,359,generation,1.1399687760000177,0.821148326,135,0.11339063799999999,0.044962451,0.037814416,0.000146101,0.0011746139999999998,0.029293056,53,601,255
512,17,2,359,repair,1.1399687760000177,0.062817207,135,0.037212508000000005,0.020189518,0.001840282,5.47e-05,9.64e-06,0.015118368000000002,30,0,0
512,17,2,359,optimization,1.1399687760000177,0.134744995,135,0.07306436,0.027159176,0.030416435,8.550100000000001e-05,0.0018380789999999998,0.013565169,21,238,60
512,17,3,359,generation,1.1513927599999931,0.84706731,135,0.11977000999999998,0.050898712000000006,0.038455978999999994,0.00014512200000000002,0.0011957730000000002,0.029074424,53,601,255
512,17,3,359,repair,1.1513927599999931,0.078222616,135,0.055606970000000006,0.029835188999999998,0.010413217,5.9260000000000005e-05,1.1219999999999998e-05,0.015288084,30,0,0
512,17,3,359,optimization,1.1513927599999931,0.108270805,135,0.053967746999999996,0.01761375,0.021995099,8.5222e-05,0.0017847380000000001,0.012488938,21,238,60
512,41,1,436,generation,1.0045565580003313,0.467711354,188,0.152766431,0.062276647000000004,0.057570191,0.00012206,0.0009737729999999999,0.031823760000000006,46,440,228
512,41,1,436,repair,1.0045565580003313,0.09745681,188,0.08504830000000001,0.039226772,0.025889409999999998,6.458000000000001e-05,1.054e-05,0.019856998,30,0,0
512,41,1,436,optimization,1.0045565580003313,0.295034841,188,0.23141535700000004,0.029969381,0.164098346,0.00032034399999999997,0.019837501000000004,0.017189785,21,2091,548
512,41,2,436,generation,1.118977534999999,0.480589936,188,0.162703365,0.065843288,0.06343911599999999,0.000117601,0.000965494,0.032337866,46,440,228
512,41,2,436,repair,1.118977534999999,0.194504282,188,0.174519662,0.092956551,0.055423781,7.8961e-05,1.1079999999999999e-05,0.026049289000000003,30,0,0
512,41,2,436,optimization,1.118977534999999,0.302596472,188,0.23485906299999998,0.029960679,0.168331429,0.000316861,0.019766418999999997,0.016483675,21,2091,548
