control,candidate,ranks,seed,repeat,control_core,candidate_core,core_reduction_pct,compute_reduction_pct,control_rank,candidate_rank
repair_fixed,split_active,128,-1,1,3.1631142599999293,3.3205830349997996,-4.978282858484961,-2.5588504847211757,7,7
repair_fixed,split_active,128,-1,2,3.131714057999943,3.551812142000017,-13.41431804499955,-0.6042456910473781,7,19
repair_fixed,split_active,128,-1,3,3.0989484300002914,3.054780985999969,1.425239722376359,1.9978175563990508,19,19
batch_parallel,split_active,128,-1,1,3.7936408860000483,3.3205830349997996,12.469758346026083,21.297069351539356,19,7
batch_parallel,split_active,128,-1,2,3.7848665679998703,3.551812142000017,6.157533477409006,22.461836195549388,19,19
batch_parallel,split_active,128,-1,3,3.7005701379998754,3.054780985999969,17.451071805625872,23.43656564307007,19,19
batch_parallel,repair_fixed,128,-1,1,3.7936408860000483,3.1631142599999293,16.620619740972266,23.260712969686114,19,7
batch_parallel,repair_fixed,128,-1,2,3.7848665679998703,3.131714057999943,17.25694943970214,22.927543194779286,19,7
batch_parallel,repair_fixed,128,-1,3,3.7005701379998754,3.0989484300002914,16.257541015686705,21.87578638772535,19,19
repair_fixed,split_active,128,17,1,3.215247454999826,3.2515352569998868,-1.1286161487705115,-1.2815562168495775,58,58
repair_fixed,split_active,128,17,2,3.183401612000125,3.374248869999974,-5.995073234882864,-2.4893843491283763,3,58
repair_fixed,split_active,128,17,3,3.2157743210000262,3.276801774999967,-1.8977530108817753,-0.38300542057196907,3,94
batch_parallel,split_active,128,17,1,3.8397482939999463,3.2515352569998868,15.319051978464604,23.61583068533706,3,58
batch_parallel,split_active,128,17,2,3.8498605320000934,3.374248869999974,12.353997191504185,21.322885929419844,3,58
batch_parallel,split_active,128,17,3,3.8590414190002775,3.276801774999967,15.087675429800008,20.545100120239134,3,94
batch_parallel,repair_fixed,128,17,1,3.8397482939999463,3.215247454999826,16.264108769212182,24.582350264128948,3,58
batch_parallel,repair_fixed,128,17,2,3.8498605320000934,3.183401612000125,17.311248406542333,23.23388947037882,3,3
batch_parallel,repair_fixed,128,17,3,3.8590414190002775,3.2157743210000262,16.66909027804361,20.848255591799813,3,3
repair_fixed,split_active,128,41,1,3.2979250299999876,3.208718762999979,2.7049210090748788,3.502513251272743,62,62
repair_fixed,split_active,128,41,2,3.199412046999896,3.146134302000064,1.6652354938086478,2.1199311372509633,62,62
repair_fixed,split_active,128,41,3,3.3007998909997696,3.1065013999996154,5.88640624746578,-0.9350488280455149,62,62
batch_parallel,split_active,128,41,1,3.732017602999804,3.208718762999979,14.021874912358289,20.258649188523638,92,62
batch_parallel,split_active,128,41,2,3.649572125999839,3.146134302000064,13.794434158822188,20.134992714007517,62,62
batch_parallel,split_active,128,41,3,3.696354607000103,3.1065013999996154,15.957700754235871,20.613925484582463,62,62
batch_parallel,repair_fixed,128,41,1,3.732017602999804,3.2979250299999876,11.631578925321563,17.364323674960268,92,62
batch_parallel,repair_fixed,128,41,2,3.649572125999839,3.199412046999896,12.334598781949458,18.405239990194445,62,62
batch_parallel,repair_fixed,128,41,3,3.696354607000103,3.3007998909997696,10.701211275867252,21.34934748913545,62,62
repair_fixed,split_active,256,-1,1,2.681864793999921,2.5595894980001503,4.5593385719270625,3.690458653652895,155,155
repair_fixed,split_active,256,-1,2,2.581198177999795,2.497752721999859,3.2328186464395725,1.9233275916927917,155,155
repair_fixed,split_active,256,-1,3,2.497960731999683,2.559134861000075,-2.448962796601717,-2.326226197026071,155,155
batch_parallel,split_active,256,-1,1,2.783346667999922,2.5595894980001503,8.039141245763703,13.271200218501644,155,155
batch_parallel,split_active,256,-1,2,2.679666394999913,2.497752721999859,6.788668669334852,8.707414515055433,155,155
batch_parallel,split_active,256,-1,3,2.762547694999739,2.559134861000075,7.363233379385448,7.9414809243379185,155,155
batch_parallel,repair_fixed,256,-1,1,2.783346667999922,2.681864793999921,3.6460378854971998,9.947863348652653,155,155
batch_parallel,repair_fixed,256,-1,2,2.679666394999913,2.581198177999795,3.6746446193396842,6.917125914630873,155,155
batch_parallel,repair_fixed,256,-1,3,2.762547694999739,2.497960731999683,9.577643255859913,10.034286910565648,155,155
repair_fixed,split_active,256,17,1,2.5302106929998445,2.5015766989999975,1.131684174723735,13.131124328470644,222,222
repair_fixed,split_active,256,17,2,2.4507972779997544,2.392628032000175,2.3734825610323362,4.279271752318414,222,222
repair_fixed,split_active,256,17,3,2.3990326789999017,2.3026020050001534,4.01956483727216,6.634158485986696,222,222
batch_parallel,split_active,256,17,1,2.632706135999797,2.5015766989999975,4.980785177909796,20.421997289589655,222,222
batch_parallel,split_active,256,17,2,2.7996720410001217,2.392628032000175,14.538988961526321,18.950541359233075,222,222
batch_parallel,split_active,256,17,3,2.636649805000161,2.3026020050001534,12.669403398453483,11.221010582894863,222,222
batch_parallel,repair_fixed,256,17,1,2.632706135999797,2.5302106929998445,3.8931592705476303,8.392963423041689,222,222
batch_parallel,repair_fixed,256,17,2,2.7996720410001217,2.4507972779997544,12.46127253089756,15.327160454684485,222,222
batch_parallel,repair_fixed,256,17,3,2.636649805000161,2.3990326789999017,9.012085167686678,4.912773261107195,222,222
repair_fixed,split_active,256,41,1,2.9288956880000114,2.9499975649996486,-0.7204721249068013,-0.5412555049595147,170,170
repair_fixed,split_active,256,41,2,2.945523267000226,2.916325642999709,0.9912542307042194,-2.3651324433263676,170,170
repair_fixed,split_active,256,41,3,2.9226195459996234,3.0492333480001435,-4.332202669821483,1.4522749594652162,170,170
batch_parallel,split_active,256,41,1,3.043430774999706,2.9499975649996486,3.069996228189764,3.352111431698357,170,170
batch_parallel,split_active,256,41,2,2.9279517149998355,2.916325642999709,0.3970718485747704,9.220535076092517,170,170
batch_parallel,split_active,256,41,3,2.991664903000128,3.0492333480001435,-1.9242945606068318,7.9636845304077,170,170
batch_parallel,repair_fixed,256,41,1,3.043430774999706,2.9288956880000114,3.7633544334421676,3.8724073188700414,170,170
batch_parallel,repair_fixed,256,41,2,2.9279517149998355,2.945523267000226,-0.6001312081197252,11.317982249310521,170,170
batch_parallel,repair_fixed,256,41,3,2.991664903000128,2.9226195459996234,2.3079241572565135,6.607366703050943,170,170
repair_fixed,split_active,512,-1,1,2.1893466569999873,2.1067669600001864,3.7718876878528707,5.8712575260008615,454,323
repair_fixed,split_active,512,-1,2,2.198109779999868,1.999065691999931,9.055238724243742,10.280232182468751,454,454
repair_fixed,split_active,512,-1,3,2.0777909480002563,2.0550083759999325,1.0964804723136656,-5.612264409959522,454,454
batch_parallel,split_active,512,-1,1,2.505366277000121,2.1067669600001864,15.909822075086366,21.42960306977194,454,323
batch_parallel,split_active,512,-1,2,2.2746157510000558,1.999065691999931,12.114136591157276,20.897281550994805,454,454
batch_parallel,split_active,512,-1,3,2.3024085219999506,2.0550083759999325,10.745275811658217,14.492723910396087,454,454
batch_parallel,repair_fixed,512,-1,1,2.505366277000121,2.1893466569999873,12.613709336685485,16.52879358084349,454,454
batch_parallel,repair_fixed,512,-1,2,2.2746157510000558,2.198109779999868,3.363467916132701,11.833567592504945,454,454
batch_parallel,repair_fixed,512,-1,3,2.3024085219999506,2.0777909480002563,9.75576540190113,19.036603781463523,454,454
repair_fixed,split_active,512,17,1,2.243959813999936,2.2128125819999696,1.388047673832693,-2.796318606088888,359,359
repair_fixed,split_active,512,17,2,2.246043530999941,2.204193205000138,1.863290956839625,3.412106155573613,359,359
repair_fixed,split_active,512,17,3,2.176368696999816,2.2170958290003,-1.8713342117366194,-1.073621100720068,359,359
batch_parallel,split_active,512,17,1,2.243428557000243,2.2128125819999696,1.3646957869347554,6.886587024438507,359,359
batch_parallel,split_active,512,17,2,2.4619532399997297,2.204193205000138,10.469737231874488,9.26992724303284,359,359
batch_parallel,split_active,512,17,3,2.2926664990000063,2.2170958290003,3.296191139560334,7.784607783671438,359,359
batch_parallel,repair_fixed,512,17,1,2.243428557000243,2.243959813999936,-0.02368058470305634,9.41950622534633,359,359
batch_parallel,repair_fixed,512,17,2,2.4619532399997297,2.246043530999941,8.76985417480196,6.064757035591207,359,359
batch_parallel,repair_fixed,512,17,3,2.2926664990000063,2.176368696999816,5.072600051115838,8.764135278743268,359,359
repair_fixed,split_active,512,41,1,2.093814213999849,2.165546288999849,-3.4259044818961693,6.758636575109134,436,141
repair_fixed,split_active,512,41,2,2.2419773010001336,2.363363452000158,-5.4142453157699055,0.06511915911868726,436,141
repair_fixed,split_active,512,41,3,2.263421772000129,2.054231867999988,9.242197216088677,9.143374939896741,427,141
batch_parallel,split_active,512,41,1,2.382890897999914,2.165546288999849,9.121047429510687,20.370887271255032,436,141
batch_parallel,split_active,512,41,2,2.215086765000251,2.363363452000158,-6.693944875784141,11.181635202230567,436,141
batch_parallel,split_active,512,41,3,2.605068432999815,2.054231867999988,21.14480211045826,23.491069626380323,427,141
batch_parallel,repair_fixed,512,41,1,2.382890897999914,2.093814213999849,12.13134366507096,14.598939994170124,436,436
batch_parallel,repair_fixed,512,41,2,2.215086765000251,2.2419773010001336,-1.2139721307882656,11.123759741918205,436,436
batch_parallel,repair_fixed,512,41,3,2.605068432999815,2.263421772000129,13.114690450042021,15.791577859063477,427,427
