ranks,seed,repeat,quality_validated,control_core_seconds,candidate_core_seconds,core_reduction_pct,dense_terms,skipped_terms,skipped_pct,control_all_rank_apply_seconds,candidate_all_rank_apply_seconds,all_rank_apply_reduction_pct
128,-1,1,False,3.1173017180001352,3.7461268819999987,-20.172098208166965,202074708.0,7233948.0,3.5798384031315784,5.061696039000003,5.081417069999999,-0.38961310296088403
128,-1,2,False,3.1682353139999577,3.2980416489999698,-4.097117863260258,202074708.0,7233948.0,3.5798384031315784,5.073034432000001,5.084716801000001,-0.230283652843144
128,-1,3,False,3.186199141999623,3.4381989200001044,-7.9091031906539655,202074708.0,7233948.0,3.5798384031315784,5.077664017000003,5.082344332000001,-0.09217457051762246
128,17,1,False,3.3643186880001394,3.268050124999945,2.861457903603637,207096150.0,7334916.0,3.541792544187808,5.334755084000001,5.344412961000006,-0.18103693324125203
128,17,2,False,3.2417537779999748,3.2440821889999825,-0.07182565856203027,207096150.0,7334916.0,3.541792544187808,5.336095804999997,5.322062929,0.26298021086591516
128,17,3,False,3.3133540160001758,3.2084293299999445,3.166721258686822,207096150.0,7334916.0,3.541792544187808,5.325406823,5.341387140999999,-0.30007694306060095
128,41,1,False,3.238528951000035,3.1882558960001006,1.5523423060463948,163896006.0,5946012.0,3.627917571096882,4.2162853700000005,4.231203290000002,-0.3538166582875535
128,41,2,False,3.1333337150001626,3.168454266000026,-1.1208685124004303,163896006.0,5946012.0,3.627917571096882,4.208634536999998,4.225856994999999,-0.40921723776656815
128,41,3,False,3.0666028610003195,3.054161049999948,0.40571966975577745,163896006.0,5946012.0,3.627917571096882,4.210426903000001,4.225592773,-0.36019791696639825
256,-1,1,False,2.7527543329999844,2.592960238999922,5.80488030059395,256794180.0,9176232.0,3.573380050903023,6.516790005000002,6.486662740999997,0.4623022067135718
256,-1,2,False,2.5762401669999235,2.64807371400002,-2.7883094099781847,256794180.0,9176232.0,3.573380050903023,6.459594650000001,6.480649496000005,-0.32594686107747517
256,-1,3,False,2.540151236999918,2.5572961089999353,-0.6749547723885252,256794180.0,9176232.0,3.573380050903023,6.471980103999999,6.482778041999993,-0.16684133490028064
256,17,1,False,2.460946288000059,2.4315063489998465,1.1962853128394624,220321572.0,7875912.0,3.574734842578193,5.550407497999998,5.505539695999999,0.8083695118992096
256,17,2,False,2.4133796209998764,2.2780603659998633,5.607043907329823,220321572.0,7875912.0,3.574734842578193,5.4804030169999995,5.600020999,-2.182649371386547
256,17,3,False,2.3230229030000373,2.315660398000091,0.3169363931125324,220321572.0,7875912.0,3.574734842578193,5.489988038,5.499252683999998,-0.16875530394366844
256,41,1,False,2.808817559999852,2.9826815890000944,-6.189936700632548,255451020.0,8948424.0,3.502990123116361,6.455872965,6.482717139,-0.41581013358740204
256,41,2,False,2.798016046999919,2.8076643520000744,-0.3448266499579411,255451020.0,8948424.0,3.502990123116361,6.4448681259999985,6.476691201999997,-0.49377388920677223
256,41,3,False,2.843252262000078,2.8408448290001616,0.08467180461233514,255451020.0,8948424.0,3.502990123116361,6.4628487720000045,6.481371986000005,-0.2866106674235036
512,-1,1,False,2.1209468419999666,2.091877729000089,1.3705724454869728,259919640.0,9410568.0,3.6205682648683264,6.651246901000003,6.671548873000003,-0.30523557916557476
512,-1,2,False,1.9732381339999847,2.02807139000015,-2.7788463569276445,259919640.0,9410568.0,3.6205682648683264,6.638074932999994,6.6526658610000045,-0.21980661784148925
512,-1,3,False,2.04075067399981,2.0197193369999695,1.0305686661183144,259919640.0,9410568.0,3.6205682648683264,6.646930573000003,6.671241658000005,-0.3657490436074884
512,17,1,False,2.2711930419998225,2.2038616649999767,2.964581863132143,281374470.0,10094652.0,3.587621862068723,7.179552075999997,7.210902346999998,-0.43666054188533643
512,17,2,False,2.2124759959999665,2.252333849000024,-1.8015044263584468,281374470.0,10094652.0,3.587621862068723,7.171488451000006,7.203778944999999,-0.4502620930176615
512,17,3,False,2.211641550999957,2.1908779939999476,0.9388301187695403,281374470.0,10094652.0,3.587621862068723,7.173578786999997,7.209788362999998,-0.5047630628330246
512,41,1,False,2.166535203999956,2.077666229999977,4.101893836569337,291090870.0,10405548.0,3.5746734344502116,7.368532158,7.393192648999994,-0.33467304574656964
512,41,2,False,2.0929860490000465,2.0833754049999698,0.4591833760510866,291090870.0,10405548.0,3.5746734344502116,7.357485819999999,7.403379000000002,-0.6237617186464872
512,41,3,False,2.173298498999884,2.0873391340001035,3.9552489011213887,291090870.0,10405548.0,3.5746734344502116,7.366407196999995,7.392345994000003,-0.35212276902873985
