ranks,seed,quality_validated,skipped_pct,core_reduction_pct,core_wins,fixed_apply_reduction_pct,fixed_apply_wins,all_rank_apply_reduction_pct
128,-1,False,3.5798384031315784,-7.9091031906539655,0,0.6662952267559974,2,-0.230283652843144
128,17,False,3.541792544187808,2.861457903603637,2,-0.685889720497701,1,-0.18103693324125203
128,41,False,3.627917571096882,0.40571966975577745,2,-1.3487127248846154,1,-0.36019791696639825
256,-1,False,3.573380050903023,-0.6749547723885252,1,-0.2604828359140221,0,-0.16684133490028064
256,17,False,3.574734842578193,1.1962853128394624,3,0.7111282251026529,2,-0.16875530394366844
256,41,False,3.502990123116361,-0.3448266499579411,1,-0.8933664022226839,0,-0.41581013358740204
512,-1,False,3.6205682648683264,1.0305686661183144,2,1.137135609718698,2,-0.30523557916557476
512,17,False,3.587621862068723,0.9388301187695403,2,-0.7747755677584456,0,-0.4502620930176615
512,41,False,3.5746734344502116,3.9552489011213887,3,-1.2141476105186344,1,-0.35212276902873985
