ranks,seed,repeat,rank,selection,control_apply_seconds,candidate_apply_seconds,apply_reduction_pct,control_front_seconds,candidate_front_seconds,control_compute_seconds,candidate_compute_seconds,skipped_pct
128,-1,1,7,control_slowest_compute,0.2062483200000002,0.2043506380000002,0.9200957370222529,0.244849049,0.240200856,2.1012181449996206,2.1115723430002618,3.2666438195823972
128,-1,2,7,control_slowest_compute,0.2035975940000003,0.20839617400000027,-2.356894256815223,0.239427368,0.246989113,2.1121937880000132,2.1467449379999834,3.2666438195823972
128,-1,3,7,control_slowest_compute,0.20525886199999988,0.2038912320000002,0.6662952267559974,0.242125378,0.23962797,2.1500344350006344,2.0854569099997207,3.2666438195823972
128,17,1,94,control_slowest_compute,0.29225224600000005,0.30049864800000287,-2.821672754570659,0.335461194,0.34892855,2.1157245770000372,2.149032242999965,3.238477090636955
128,17,2,3,control_slowest_compute,0.085622233,0.08551769599999999,0.12209095270853121,0.096968158,0.096800336,2.1402213280002798,2.1290440350001063,3.4481996419177294
128,17,3,3,control_slowest_compute,0.0861663299999999,0.08675733600000003,-0.685889720497701,0.098144213,0.098255914,2.180798694999794,2.1543632929988235,3.4481996419177294
128,41,1,62,control_slowest_compute,0.2602576400000002,0.2559721510000003,1.646633313050816,0.306877543,0.299401791,2.1292786550002347,2.1706884459999856,3.675719828466408
128,41,2,62,control_slowest_compute,0.25539649299999967,0.25884105799999974,-1.3487127248846154,0.297560403,0.305769031,2.1015918789996704,2.1581022829998346,3.675719828466408
128,41,3,62,control_slowest_compute,0.25206541299999985,0.2599374070000003,-3.122996489804186,0.292999094,0.307056504,2.096278581999286,2.0828430789993035,3.675719828466408
256,-1,1,155,control_slowest_compute,0.4910584590000005,0.4923375819999994,-0.2604828359140221,0.548327475,0.5473117620000001,1.5830219639997267,1.5824693149997984,2.9955305617232115
256,-1,2,155,control_slowest_compute,0.4854919389999994,0.48757683100000204,-0.42943905604222454,0.539934649,0.5423043190000001,1.5779550999998264,1.6169118299999354,2.9955305617232115
256,-1,3,155,control_slowest_compute,0.48825137600000035,0.4887201839999987,-0.09601775295322579,0.542412947,0.5436146559999999,1.579183723999904,1.5649375759999202,2.9955305617232115
256,17,1,222,control_slowest_compute,0.19789415099999977,0.20022991999999992,-1.1803122973554458,0.222187851,0.224820161,1.2766878179995729,1.335136564999857,3.194268171038894
256,17,2,78,control_slowest_compute,0.32749630199999996,0.3243605109999996,0.9575042468724981,0.360994763,0.35760586,1.3668330380003226,1.2831702129997211,2.921140400175718
256,17,3,222,control_slowest_compute,0.19973261500000028,0.19831225999999966,0.7111282251026529,0.224251479,0.222405455,1.321515053999974,1.2759112880000885,3.194268171038894
256,41,1,170,control_slowest_compute,0.6805198100000006,0.6869187040000013,-0.9402950371129926,0.7461636089999999,0.753031974,1.7632413040000756,1.8219093159996191,2.646797915978267
256,41,2,170,control_slowest_compute,0.6779382999999988,0.6839947729999983,-0.8933664022226839,0.744381206,0.7502049599999999,1.7768545679998624,1.797655722999707,2.646797915978267
256,41,3,170,control_slowest_compute,0.6834325950000023,0.6888447960000031,-0.7919143803787776,0.74987772,0.756547463,1.7778345450005872,1.7875060300002588,2.646797915978267
512,-1,1,323,control_slowest_compute,0.24100498000000012,0.23794477199999955,1.2697696122298208,0.263197751,0.258265688,0.8306179659998634,0.803689808000172,2.8688898771569686
512,-1,2,323,control_slowest_compute,0.23542319799999967,0.23672130200000013,-0.5513917111942712,0.255640175,0.25685604700000003,0.7933413989999281,0.7697473740001897,2.8688898771569686
512,-1,3,454,control_slowest_compute,0.19867472100000033,0.19641552000000007,1.137135609718698,0.221551171,0.217892614,0.7980412499996419,0.8129205549996641,3.02470416059311
512,17,1,359,control_slowest_compute,0.48193254299999916,0.4849430710000004,-0.6246782965227737,0.523389814,0.5262962720000001,1.020058715999994,1.021659944999783,2.9655467443431647
512,17,2,359,control_slowest_compute,0.4777779200000005,0.48160501999999894,-0.8010206917888674,0.518836179,0.523271154,1.015414003999922,1.0637608199999704,2.9655467443431647
512,17,3,359,control_slowest_compute,0.4803161269999998,0.4840374989999994,-0.7747755677584456,0.5219901180000001,0.526259532,1.0089421630000288,1.0115033959996254,2.9655467443431647
512,41,1,141,control_slowest_compute,0.40297918999999954,0.4128385199999998,-2.446610208333655,0.43563430999999997,0.44715769400000005,0.8882873820000441,0.8693850810000185,2.5168706472724898
512,41,2,141,control_slowest_compute,0.4039834990000011,0.4088884549999992,-1.2141476105186344,0.43686466300000004,0.441416853,0.8945606720001251,0.8911977150003167,2.5168706472724898
512,41,3,141,control_slowest_compute,0.40539371599999946,0.40506410999999964,0.08130515767535984,0.438045468,0.437757565,0.927644452000095,0.8778976350004086,2.5168706472724898
