ranks,seed,repeat,rank,compute_seconds,cost_optimization_split_evaluate_seconds,cost_optimization_split_commit_seconds,repair_fixed_generation_calls,repair_fixed_generation_rounds,repair_fixed_generation_checks,repair_fixed_generation_stable_rounds,repair_fixed_generation_potential_skipped,repair_fixed_generation_skipped,repair_fixed_generation_verified,repair_fixed_generation_mismatches,repair_fixed_generation_snapshot_seconds,repair_fixed_generation_reference_rounds,repair_fixed_repair_calls,repair_fixed_repair_rounds,repair_fixed_repair_checks,repair_fixed_repair_stable_rounds,repair_fixed_repair_potential_skipped,repair_fixed_repair_skipped,repair_fixed_repair_verified,repair_fixed_repair_mismatches,repair_fixed_repair_snapshot_seconds,repair_fixed_repair_reference_rounds,repair_fixed_optimization_calls,repair_fixed_optimization_rounds,repair_fixed_optimization_checks,repair_fixed_optimization_stable_rounds,repair_fixed_optimization_potential_skipped,repair_fixed_optimization_skipped,repair_fixed_optimization_verified,repair_fixed_optimization_mismatches,repair_fixed_optimization_snapshot_seconds,repair_fixed_optimization_reference_rounds,kernel_delaunay_seconds,kernel_domain_repair_seconds,kernel_front_seconds,kernel_generation_seconds,kernel_optimization_seconds,kernel_repair_mark_seconds,kernel_repair_seconds,kernel_repair_split_seconds,kernel_repair_swap2_seconds,kernel_repair_swap_seconds,kernel_team_start_seconds,kernel_team_stop_seconds,volume_refine_seconds
128,-1,1,19,2.0742859230003887,0.045216836,0.004692499,1.0,4.0,1.0,1.0,9.0,9.0,0.0,0.0,0.012374732000000001,0.0,1.0,1.0,1.0,1.0,9.0,9.0,0.0,0.0,0.005537868,0.0,0.0,0.0,0.0,0.0,0.0,0.0,0.0,0.0,0.0,0.0,0.48963431,0.179953309,0.083239182,0.878037398,0.681997552,0.018237404999999998,0.088988172,0.072747093,0.044512406000000004,0.078041217,0.050254196999999994,0.00025536199999999997,0.3790794330002427
128,-1,2,19,2.0973725250000825,0.046084626,0.004695116,1.0,4.0,1.0,1.0,9.0,9.0,0.0,0.0,0.012082828,0.0,1.0,1.0,1.0,1.0,9.0,9.0,0.0,0.0,0.0052938840000000004,0.0,0.0,0.0,0.0,0.0,0.0,0.0,0.0,0.0,0.0,0.0,0.528139163,0.164500639,0.082888017,0.90014733,0.698584996,0.018455568,0.075347145,0.069676816,0.035902580999999996,0.07228686599999999,0.059294668,0.000133082,0.37863902700019025
128,-1,3,7,2.137910959000237,0.05807037799999999,0.007290643,1.0,4.0,2.0,1.0,8.0,8.0,0.0,0.0,0.014550805,0.0,1.0,1.0,1.0,1.0,9.0,9.0,0.0,0.0,0.004958936000000001,0.0,0.0,0.0,0.0,0.0,0.0,0.0,0.0,0.0,0.0,0.0,0.484130844,0.159530307,0.237549551,0.995956882,0.6284844,0.017058173,0.099674849,0.073773036,0.044903248,0.070990264,0.057613053,0.00013922199999999996,0.3675522839998848
128,17,1,58,2.1655733640004655,0.039994636,0.00651649,1.0,5.0,1.0,1.0,9.0,9.0,0.0,0.0,0.014889302,0.0,1.0,1.0,1.0,1.0,9.0,9.0,0.0,0.0,0.005335939,0.0,0.0,0.0,0.0,0.0,0.0,0.0,0.0,0.0,0.0,0.0,0.522406884,0.219483457,0.10265154,0.9617769,0.718402924,0.021476055,0.054583916,0.079173505,0.045547055999999995,0.082423001,0.045752738999999994,0.000208064,0.38385021099975347
128,17,2,94,2.159505278999859,0.092150438,0.011182471,1.0,4.0,2.0,1.0,7.0,7.0,0.0,0.0,0.015256618999999999,0.0,1.0,1.0,1.0,1.0,9.0,9.0,0.0,0.0,0.005645327,0.0,0.0,0.0,0.0,0.0,0.0,0.0,0.0,0.0,0.0,0.0,0.428125967,0.149493668,0.332221086,1.01394116,0.699364861,0.01567814,0.065790909,0.05564209099999999,0.032606422999999995,0.058632407,0.057269151,0.000245222,0.33772478999981104
128,17,3,94,2.204474209998807,0.08386207600000001,0.011207548999999999,1.0,4.0,2.0,1.0,7.0,7.0,0.0,0.0,0.014574871,0.0,1.0,1.0,1.0,1.0,9.0,9.0,0.0,0.0,0.004741296,0.0,0.0,0.0,0.0,0.0,0.0,0.0,0.0,0.0,0.0,0.0,0.4619789,0.198722934,0.331310578,1.096128604,0.664993743,0.015878702999999997,0.055101042,0.06686819799999999,0.04469534199999999,0.079413625,0.056391977,0.00024398300000000003,0.34572896499958006
128,41,1,62,2.163025067000035,0.040335674999999994,0.010519454,1.0,4.0,2.0,1.0,8.0,8.0,0.0,0.0,0.016321456999999998,0.0,1.0,1.0,1.0,1.0,9.0,9.0,0.0,0.0,0.005524679,0.0,0.0,0.0,0.0,0.0,0.0,0.0,0.0,0.0,0.0,0.0,0.478780908,0.183330439,0.297729253,1.07372977,0.60307879,0.017411387,0.07682761,0.074011859,0.035849926000000004,0.074161441,0.065217542,0.00015264199999999998,0.3618645659998947
128,41,2,92,2.13630122900031,0.023285833,0.002184786,1.0,4.0,2.0,1.0,8.0,8.0,0.0,0.0,0.016864557,0.0,1.0,1.0,1.0,1.0,9.0,9.0,0.0,0.0,0.00594057,0.0,0.0,0.0,0.0,0.0,0.0,0.0,0.0,0.0,0.0,0.0,0.593762425,0.193044018,0.071284634,0.981687123,0.627386098,0.020213735000000004,0.074323869,0.079032424,0.040265972,0.072049004,0.06792437500000001,6.833999999999999e-05,0.40641957400021056
128,41,3,62,2.0958438849997947,0.042142778000000006,0.010580335,1.0,4.0,2.0,1.0,8.0,8.0,0.0,0.0,0.015181306,0.0,1.0,1.0,1.0,1.0,9.0,9.0,0.0,0.0,0.005586281,0.0,0.0,0.0,0.0,0.0,0.0,0.0,0.0,0.0,0.0,0.0,0.468245688,0.151482019,0.295772021,1.030821857,0.598606178,0.017405449,0.065027984,0.056585072,0.035300481,0.06288718,0.032807415000000006,0.000280403,0.35356646699983685
256,-1,1,155,1.594722253999862,0.016009445,0.0030962200000000002,1.0,2.0,2.0,1.0,8.0,8.0,0.0,0.0,0.005462969000000001,0.0,1.0,1.0,1.0,1.0,9.0,9.0,0.0,0.0,0.0026152730000000004,0.0,0.0,0.0,0.0,0.0,0.0,0.0,0.0,0.0,0.0,0.0,0.207823588,0.024876577,0.5368639999999999,1.108293519,0.230830881,0.0045634180000000005,0.018858221,0.008490988,0.009393479,0.004522097,0.048471119,0.00023728399999999996,0.20718395899984898
256,-1,2,155,1.5738139250006498,0.016347269,0.003129921,1.0,2.0,2.0,1.0,8.0,8.0,0.0,0.0,0.005435729,0.0,1.0,1.0,1.0,1.0,9.0,9.0,0.0,0.0,0.0026359929999999997,0.0,0.0,0.0,0.0,0.0,0.0,0.0,0.0,0.0,0.0,0.0,0.216576399,0.033440886,0.540210941,1.071688591,0.220553129,0.0046333,0.0440063,0.009066095,0.017669866,0.0047491,0.05472547700000001,0.008900434,0.20793268800025544
256,-1,3,155,1.5670440580001923,0.015892484000000002,0.003079898,1.0,2.0,2.0,1.0,8.0,8.0,0.0,0.0,0.0053110480000000005,0.0,1.0,1.0,1.0,1.0,9.0,9.0,0.0,0.0,0.0026491329999999997,0.0,0.0,0.0,0.0,0.0,0.0,0.0,0.0,0.0,0.0,0.0,0.223255003,0.04083578,0.539528152,1.089999382,0.216994384,0.004471935,0.022162122,0.0094464,0.010276712,0.005149826,0.06823531,0.00039330499999999994,0.20853445600005216
256,17,1,222,1.4145671570001923,0.22989946,0.016135355,1.0,3.0,0.0,0.0,0.0,0.0,0.0,0.0,0.0034185260000000003,0.0,1.0,1.0,1.0,1.0,9.0,9.0,0.0,0.0,0.002746157,0.0,0.0,0.0,0.0,0.0,0.0,0.0,0.0,0.0,0.0,0.0,0.221503089,0.077945205,0.219160837,0.570720268,0.593623835,0.006103562,0.02911021,0.026038749,0.014783378,0.028509582,0.058973211000000005,0.000298944,0.19160452799997074
256,17,2,222,1.4207498420005322,0.23837081599999999,0.016081016,1.0,3.0,0.0,0.0,0.0,0.0,0.0,0.0,0.0035085870000000005,0.0,1.0,1.0,1.0,1.0,9.0,9.0,0.0,0.0,0.003228783,0.0,0.0,0.0,0.0,0.0,0.0,0.0,0.0,0.0,0.0,0.0,0.21495574,0.068740041,0.218724891,0.554741874,0.600567009,0.006204564,0.04403589,0.025669103999999998,0.01493864,0.027385306,0.06365163399999998,0.0003755249999999998,0.19199983400039855
256,17,3,222,1.4281085900001926,0.23258150900000002,0.016421058,1.0,3.0,0.0,0.0,0.0,0.0,0.0,0.0,0.003402044,0.0,1.0,1.0,1.0,1.0,9.0,9.0,0.0,0.0,0.0027389959999999996,0.0,0.0,0.0,0.0,0.0,0.0,0.0,0.0,0.0,0.0,0.0,0.228012989,0.066378882,0.219149611,0.568197207,0.616474908,0.006256164000000001,0.020699935,0.023499091,0.014255849000000001,0.025714701,0.048674366,0.000105862,0.19237409600009414
256,41,1,170,1.8078532649999488,0.04437679,0.005467514,1.0,2.0,2.0,1.0,8.0,8.0,0.0,0.0,0.005430172,0.0,1.0,1.0,1.0,1.0,9.0,9.0,0.0,0.0,0.002637215,0.0,0.0,0.0,0.0,0.0,0.0,0.0,0.0,0.0,0.0,0.0,0.217816257,0.032549893,0.759876187,1.290301342,0.23837599,0.004717222000000001,0.045412384,0.009551487,0.018608846999999998,0.005430951999999999,0.04921371500000001,0.0066824499999999995,0.20160256100007246
256,41,2,170,1.764180505999775,0.025708341000000003,0.005429192,1.0,2.0,2.0,1.0,8.0,8.0,0.0,0.0,0.005513593,0.0,1.0,1.0,1.0,1.0,9.0,9.0,0.0,0.0,0.002609135,0.0,0.0,0.0,0.0,0.0,0.0,0.0,0.0,0.0,0.0,0.0,0.200543728,0.03153266,0.7451720310000001,1.277833356,0.213913706,0.004860463999999999,0.03838907,0.009094399999999999,0.018011120999999998,0.00518539,0.048970152,0.000267005,0.2014393999997992
256,41,3,170,1.7591977800007044,0.030981236,0.005490313,1.0,2.0,2.0,1.0,8.0,8.0,0.0,0.0,0.0055335950000000005,0.0,1.0,1.0,1.0,1.0,9.0,9.0,0.0,0.0,0.002634615,0.0,0.0,0.0,0.0,0.0,0.0,0.0,0.0,0.0,0.0,0.0,0.215650443,0.02460869,0.752395139,1.273036381,0.232791773,0.004732422,0.018750191,0.008606255,0.009271564,0.004909546,0.040538702,0.000224445,0.20242550600005416
512,-1,1,454,0.8880269850003515,0.142472145,0.011582839,1.0,3.0,1.0,1.0,9.0,9.0,0.0,0.0,0.002691931,0.0,1.0,1.0,1.0,1.0,9.0,9.0,0.0,0.0,0.001483197,0.0,0.0,0.0,0.0,0.0,0.0,0.0,0.0,0.0,0.0,0.0,0.115287179,0.04931173,0.21140177,0.403325286,0.33167947,0.0029895379999999995,0.032383508,0.013450321000000001,0.008037776,0.016790061,0.06987653599999999,0.000350726,0.09776175000001786
512,-1,2,454,0.8871310970002924,0.127397544,0.011797761,1.0,3.0,1.0,1.0,9.0,9.0,0.0,0.0,0.003065677,0.0,1.0,1.0,1.0,1.0,9.0,9.0,0.0,0.0,0.001437357,0.0,0.0,0.0,0.0,0.0,0.0,0.0,0.0,0.0,0.0,0.0,0.132973312,0.046898881,0.213312092,0.421193501,0.313020646,0.0030958969999999994,0.03263561,0.012357207,0.007902255,0.015146942,0.058484559000000005,0.00039454500000000005,0.09735506600009103
512,-1,3,454,0.8874174299994593,0.140918599,0.011595016999999999,1.0,3.0,1.0,1.0,9.0,9.0,0.0,0.0,0.002672632,0.0,1.0,1.0,1.0,1.0,9.0,9.0,0.0,0.0,0.0014690570000000002,0.0,0.0,0.0,0.0,0.0,0.0,0.0,0.0,0.0,0.0,0.0,0.114999634,0.05428764,0.214370804,0.411340404,0.31758148,0.0030153349999999996,0.038909638,0.012797890999999999,0.022125780999999997,0.015771305,0.056718168000000006,0.000786609,0.09668027899988374
512,17,1,359,1.0422737089998009,0.006114367,0.001551876,1.0,2.0,1.0,1.0,9.0,9.0,0.0,0.0,0.002365085,0.0,1.0,1.0,1.0,1.0,9.0,9.0,0.0,0.0,0.001417455,0.0,0.0,0.0,0.0,0.0,0.0,0.0,0.0,0.0,0.0,0.0,0.116616165,0.021278151,0.526850435,0.807175237,0.091644594,0.0021801249999999998,0.024561287,0.004492689,0.004657410000000001,0.0025063480000000003,0.053570163000000004,0.000430924,0.09586315999990802
512,17,2,359,1.098810078999577,0.0040924049999999995,0.0015572980000000004,1.0,2.0,1.0,1.0,9.0,9.0,0.0,0.0,0.021173569000000003,0.0,1.0,1.0,1.0,1.0,9.0,9.0,0.0,0.0,0.00192174,0.0,0.0,0.0,0.0,0.0,0.0,0.0,0.0,0.0,0.0,0.0,0.155211644,0.037319865,0.5341856549999999,0.863447127,0.083435645,0.002301064,0.028133445,0.004411309,0.0044727280000000005,0.002479948,0.064001334,0.000431665,0.09758771799988608
512,17,3,359,1.003762770000776,0.004633371,0.0015239759999999998,1.0,2.0,1.0,1.0,9.0,9.0,0.0,0.0,0.002004242,0.0,1.0,1.0,1.0,1.0,9.0,9.0,0.0,0.0,0.001354174,0.0,0.0,0.0,0.0,0.0,0.0,0.0,0.0,0.0,0.0,0.0,0.098821112,0.019474191,0.52172678,0.771411109,0.091391312,0.002098323,0.02206328,0.004574731,0.004653971,0.002525027,0.044274219999999996,0.00034112300000000003,0.09584545999996408
512,41,1,141,0.9079203799999505,0.016094806,0.009923497,1.0,4.0,2.0,1.0,8.0,8.0,0.0,0.0,0.003553529,0.0,1.0,1.0,1.0,1.0,9.0,9.0,0.0,0.0,0.001269617,0.0,0.0,0.0,0.0,0.0,0.0,0.0,0.0,0.0,0.0,0.0,0.110328769,0.024890969,0.44117279,0.68206071,0.107226625,0.002824981,0.013857995,0.009172606,0.006661953,0.004721727,0.043829397,0.00017966300000000002,0.08062353099990105
512,41,2,141,0.9059564320000391,0.012622196999999998,0.003297949,1.0,4.0,2.0,1.0,8.0,8.0,0.0,0.0,0.0034867080000000003,0.0,1.0,1.0,1.0,1.0,9.0,9.0,0.0,0.0,0.001252258,0.0,0.0,0.0,0.0,0.0,0.0,0.0,0.0,0.0,0.0,0.0,0.097508888,0.038356618,0.439408385,0.691889548,0.081063338,0.0031024840000000004,0.02781203,0.009991379,0.006743134,0.0050200309999999995,0.059933702000000005,0.00033522399999999996,0.08085167400008686
512,41,3,436,0.8924249609995059,0.12195051900000001,0.017413190000000002,1.0,4.0,2.0,1.0,8.0,8.0,0.0,0.0,0.004301311,0.0,1.0,1.0,1.0,1.0,9.0,9.0,0.0,0.0,0.001500958,0.0,0.0,0.0,0.0,0.0,0.0,0.0,0.0,0.0,0.0,0.0,0.12454711,0.049981418,0.203910701,0.409014055,0.318458812,0.0038857880000000003,0.020149101,0.014158608999999999,0.010165382,0.018289577,0.03861372299999999,0.000351265,0.11852753899984236
