ranks,seed,repeat,contribution,control,candidate,control_seconds,candidate_seconds,reduction_pct
128,-1,1,diagnostic,batch_parallel,repair_fixed_profile,3.708414221000112,3.860831443000052,-4.110037685025247
128,-1,2,diagnostic,batch_parallel,repair_fixed_profile,3.7009437480000997,3.734856126000068,-0.916317034494063
128,-1,3,diagnostic,batch_parallel,repair_fixed_profile,4.058204586000102,3.7100516529999368,8.57898919638539
128,-1,1,algorithm,repair_fixed_profile,repair_fixed,3.860831443000052,3.13777121899966,18.7280961283961
128,-1,2,algorithm,repair_fixed_profile,repair_fixed,3.734856126000068,3.1187832020000315,16.49522506934783
128,-1,3,algorithm,repair_fixed_profile,repair_fixed,3.7100516529999368,3.1128354319998834,16.097248147937403
128,-1,1,net,batch_parallel,repair_fixed,3.708414221000112,3.13777121899966,15.387790251935684
128,-1,2,net,batch_parallel,repair_fixed,3.7009437480000997,3.1187832020000315,15.73005659204233
128,-1,3,net,batch_parallel,repair_fixed,4.058204586000102,3.1128354319998834,23.295256164795887
128,17,1,diagnostic,batch_parallel,repair_fixed_profile,3.7994121750002705,3.872304496999959,-1.9185157767117822
128,17,2,diagnostic,batch_parallel,repair_fixed_profile,3.7901150850002523,3.8819844520003244,-2.4239202488508527
128,17,3,diagnostic,batch_parallel,repair_fixed_profile,3.8364688130000104,3.7855702500000916,1.3267034213192974
128,17,1,algorithm,repair_fixed_profile,repair_fixed,3.872304496999959,3.187216031999924,17.692009126110896
128,17,2,algorithm,repair_fixed_profile,repair_fixed,3.8819844520003244,3.19388299000002,17.72550793308141
128,17,3,algorithm,repair_fixed_profile,repair_fixed,3.7855702500000916,3.2079030760000933,15.259713487023108
128,17,1,net,batch_parallel,repair_fixed,3.7994121750002705,3.187216031999924,16.11291733570083
128,17,2,net,batch_parallel,repair_fixed,3.7901150850002523,3.19388299000002,15.731239860232172
128,17,3,net,batch_parallel,repair_fixed,3.8364688130000104,3.2079030760000933,16.383965767426545
128,41,1,diagnostic,batch_parallel,repair_fixed_profile,3.716413128000113,3.7324194049999733,-0.4306915417789936
128,41,2,diagnostic,batch_parallel,repair_fixed_profile,3.8271830119997503,3.7335961280000447,2.4453203232318255
128,41,3,diagnostic,batch_parallel,repair_fixed_profile,4.104645798000092,3.6408218560000023,11.29997482915771
128,41,1,algorithm,repair_fixed_profile,repair_fixed,3.7324194049999733,3.1387185700000373,15.906594907437533
128,41,2,algorithm,repair_fixed_profile,repair_fixed,3.7335961280000447,3.128709355999945,16.201183825528453
128,41,3,algorithm,repair_fixed_profile,repair_fixed,3.6408218560000023,3.0714441830000396,15.63871278298441
128,41,1,net,batch_parallel,repair_fixed,3.716413128000113,3.1387185700000373,15.54441172450992
128,41,2,net,batch_parallel,repair_fixed,3.8271830119997503,3.128709355999945,18.250333308070477
128,41,3,net,batch_parallel,repair_fixed,4.104645798000092,3.0714441830000396,25.171517004060618
256,-1,1,diagnostic,batch_parallel,repair_fixed_profile,2.9673770169997624,2.7965507869998874,5.7568090950772755
256,-1,2,diagnostic,batch_parallel,repair_fixed_profile,2.762808511000003,2.65382270300006,3.944747077693611
256,-1,3,diagnostic,batch_parallel,repair_fixed_profile,2.682250705000115,2.656569232000038,0.9574598285015945
256,-1,1,algorithm,repair_fixed_profile,repair_fixed,2.7965507869998874,2.7577154719999726,1.3886862051798121
256,-1,2,algorithm,repair_fixed_profile,repair_fixed,2.65382270300006,2.8923580019995825,-8.9883660551199
256,-1,3,algorithm,repair_fixed_profile,repair_fixed,2.656569232000038,2.587721795000107,2.591592049272451
256,-1,1,net,batch_parallel,repair_fixed,2.9673770169997624,2.7577154719999726,7.065551286495209
256,-1,2,net,batch_parallel,repair_fixed,2.762808511000003,2.8923580019995825,-4.6890506701345425
256,-1,3,net,batch_parallel,repair_fixed,2.682250705000115,2.587721795000107,3.524238424983628
256,17,1,diagnostic,batch_parallel,repair_fixed_profile,2.495231540000077,2.750148857000113,-10.216178856092363
256,17,2,diagnostic,batch_parallel,repair_fixed_profile,2.5586519899998166,2.544604222000089,0.5490300382635649
256,17,3,diagnostic,batch_parallel,repair_fixed_profile,2.5744177560000026,2.4804694079998626,3.6493046935052287
256,17,1,algorithm,repair_fixed_profile,repair_fixed,2.750148857000113,2.383207459999994,13.342601294694346
256,17,2,algorithm,repair_fixed_profile,repair_fixed,2.544604222000089,2.368824646000121,6.907933834276325
256,17,3,algorithm,repair_fixed_profile,repair_fixed,2.4804694079998626,2.4633424799999375,0.6904712448655204
256,17,1,net,batch_parallel,repair_fixed,2.495231540000077,2.383207459999994,4.489526450923242
256,17,2,net,batch_parallel,repair_fixed,2.5586519899998166,2.368824646000121,7.419037240766347
256,17,3,net,batch_parallel,repair_fixed,2.5744177560000026,2.4633424799999375,4.3145785388245645
256,41,1,diagnostic,batch_parallel,repair_fixed_profile,3.146952130000045,3.000116143000014,4.665974598095623
256,41,2,diagnostic,batch_parallel,repair_fixed_profile,3.191484550000041,3.1056496669998523,2.689497055537604
256,41,3,diagnostic,batch_parallel,repair_fixed_profile,2.970071362999988,3.0128829029999906,-1.44143135863104
256,41,1,algorithm,repair_fixed_profile,repair_fixed,3.000116143000014,2.84043697900006,5.322432745562978
256,41,2,algorithm,repair_fixed_profile,repair_fixed,3.1056496669998523,2.838764808000178,8.59352752615824
256,41,3,algorithm,repair_fixed_profile,repair_fixed,3.0128829029999906,2.7830729899997095,7.6275753289799075
256,41,1,net,batch_parallel,repair_fixed,3.146952130000045,2.84043697900006,9.740063983749913
256,41,2,net,batch_parallel,repair_fixed,3.191484550000041,2.838764808000178,11.05190191191301
256,41,3,net,batch_parallel,repair_fixed,2.970071362999988,2.7830729899997095,6.296090233043983
512,-1,1,diagnostic,batch_parallel,repair_fixed_profile,2.489403716999959,2.325600934000022,6.580000739990055
512,-1,2,diagnostic,batch_parallel,repair_fixed_profile,2.2523489449999943,2.2774064250002084,-1.1125043504399912
512,-1,3,diagnostic,batch_parallel,repair_fixed_profile,2.2041508610000164,2.328684650000014,-5.649966669862905
512,-1,1,algorithm,repair_fixed_profile,repair_fixed,2.325600934000022,2.081799434000004,10.483376422655644
512,-1,2,algorithm,repair_fixed_profile,repair_fixed,2.2774064250002084,2.5051966000000903,-10.002174952143683
512,-1,3,algorithm,repair_fixed_profile,repair_fixed,2.328684650000014,2.0773562129998027,10.792720989516969
512,-1,1,net,batch_parallel,repair_fixed,2.489403716999959,2.081799434000004,16.373570916459023
512,-1,2,net,batch_parallel,repair_fixed,2.2523489449999943,2.5051966000000903,-11.225953934064892
512,-1,3,net,batch_parallel,repair_fixed,2.2041508610000164,2.0773562129998027,5.752539458333061
512,17,1,diagnostic,batch_parallel,repair_fixed_profile,2.4542545890001293,2.3024607169998035,6.184927703941545
512,17,2,diagnostic,batch_parallel,repair_fixed_profile,2.535837929000081,2.344096012999671,7.561284331606188
512,17,3,diagnostic,batch_parallel,repair_fixed_profile,2.349480916000175,2.446943243000078,-4.148249357386802
512,17,1,algorithm,repair_fixed_profile,repair_fixed,2.3024607169998035,2.2758665490000567,1.1550324313198246
512,17,2,algorithm,repair_fixed_profile,repair_fixed,2.344096012999671,2.2990992430000006,1.9195787949867094
512,17,3,algorithm,repair_fixed_profile,repair_fixed,2.446943243000078,2.2315512840000338,8.80249101061954
512,17,1,net,batch_parallel,repair_fixed,2.4542545890001293,2.2758665490000567,7.268522214427165
512,17,2,net,batch_parallel,repair_fixed,2.535837929000081,2.2990992430000006,9.335718315934738
512,17,3,net,batch_parallel,repair_fixed,2.349480916000175,2.2315512840000338,5.019390930014788
512,41,1,diagnostic,batch_parallel,repair_fixed_profile,2.4565085300000646,2.249144562999845,8.44141041921047
512,41,2,diagnostic,batch_parallel,repair_fixed_profile,2.2308532580000247,2.523944646000018,-13.138084584853061
512,41,3,diagnostic,batch_parallel,repair_fixed_profile,2.473432381999828,2.384555237999848,3.593271627183958
512,41,1,algorithm,repair_fixed_profile,repair_fixed,2.249144562999845,2.1892407979999007,2.663402165668116
512,41,2,algorithm,repair_fixed_profile,repair_fixed,2.523944646000018,2.263215111000136,10.330239825706556
512,41,3,algorithm,repair_fixed_profile,repair_fixed,2.384555237999848,2.2052351180000187,7.5200656769118135
512,41,1,net,batch_parallel,repair_fixed,2.4565085300000646,2.1892407979999007,10.879983876960397
512,41,2,net,batch_parallel,repair_fixed,2.2308532580000247,2.263215111000136,-1.4506491130269916
512,41,3,net,batch_parallel,repair_fixed,2.473432381999828,2.2052351180000187,10.84312091778169
