ranks,seed,repeat,rank,compute_seconds,front_seconds,front_compute_pct,operation_prepare_seconds,operation_cleanup_seconds,prepare_cleanup_compute_pct
128,-1,1,7,2.1012181449996206,0.244849049,11.65271914211669,0.253445246,0.140896062,18.76727121067533
128,-1,2,7,2.1121937880000132,0.239427368,11.335483011088114,0.251621702,0.142122035,18.641458905758203
128,-1,3,7,2.1500344350006344,0.242125378,11.261465121600647,0.26429118900000004,0.158173535,19.649207339317584
128,17,1,94,2.1157245770000372,0.335461194,15.85561739211172,0.24215091,0.144439657,18.272253922018564
128,17,2,3,2.1402213280002798,0.096968158,4.5307537464175445,0.296012338,0.17301739300000002,21.91501060491902
128,17,3,3,2.180798694999794,0.098144213,4.500379297962175,0.31700433699999997,0.17629646999999998,22.620189939174857
128,41,1,62,2.1292786550002347,0.306877543,14.412277241372438,0.226073577,0.145726878,17.461333871303896
128,41,2,62,2.1015918789996704,0.297560403,14.15881008931357,0.21953577,0.143882939,17.292544410334436
128,41,3,62,2.096278581999286,0.292999094,13.977106693546316,0.22892600899999999,0.143988319,17.789349717266113
256,-1,1,155,1.5830219639997267,0.548327475,34.63802066362831,0.106731911,0.07540155,11.505428550076102
256,-1,2,155,1.5779550999998264,0.539934649,34.217364549856924,0.09536038200000001,0.07496222500000001,10.7938817143795
256,-1,3,155,1.579183723999904,0.542412947,34.34767840857211,0.103117568,0.083320436,11.805972995198584
256,17,1,222,1.2766878179995729,0.222187851,17.40345978613186,0.11857807799999999,0.06384464799999999,14.288749640130193
256,17,2,78,1.3668330380003226,0.360994763,26.41103580054924,0.10286017700000001,0.083551663,13.638230480053409
256,17,3,222,1.321515053999974,0.224251479,16.969271619058258,0.132058355,0.077630189,15.867283794105315
256,41,1,170,1.7632413040000756,0.7461636089999999,42.31772516372313,0.099254661,0.076144049,9.94751595269983
256,41,2,170,1.7768545679998624,0.744381206,41.89319820574408,0.10116644500000001,0.077095541,10.03244661720755
256,41,3,170,1.7778345450005872,0.74987772,42.179274899833395,0.09483369900000001,0.082504202,9.974938415877245
512,-1,1,323,0.8306179659998634,0.263197751,31.686980269343618,0.048878972,0.038436763,10.512141390403583
512,-1,2,323,0.7933413989999281,0.255640175,32.22322386330216,0.047354797,0.029682555,9.710491863542217
512,-1,3,454,0.7980412499996419,0.221551171,27.761869577556222,0.072838917,0.029278268,12.795978278070942
512,17,1,359,1.020058715999994,0.523389814,51.309773230740475,0.049197248,0.032062057,7.966139960907944
512,17,2,359,1.015414003999922,0.518836179,51.096023588033944,0.049569809,0.031511646000000004,7.985063696246425
512,17,3,359,1.0089421630000288,0.5219901180000001,51.73637668663721,0.047816512,0.031208009,7.832413382846975
512,41,1,141,0.8882873820000441,0.43563430999999997,49.04204639484323,0.045437754999999996,0.033090774999999996,8.840441910047991
512,41,2,141,0.8945606720001251,0.43686466300000004,48.83566611789736,0.044277733,0.032440431,8.57607162949248
512,41,3,141,0.927644452000095,0.438045468,47.22126748621519,0.06340066300000001,0.035368382,10.647295392867814
